timeStamp,elapsed,label,responseCode,responseMessage,threadName,dataType,success,failureMessage,bytes,sentBytes,grpThreads,allThreads,URL,Latency,IdleTime,Connect
1564726278624,1874,loginaccount2,200,OK,172.16.137.143:1099-登入帳號測試 1-4,text,true,,1957,958,186,186,http://icp-member-beta.ecpay.com.tw/api/Member/MemberInfo/UserCodeLogin,1874,0,2
1564726278501,2113,loginaccount2,200,OK,172.16.137.144:1099-登入帳號測試 1-12,text,true,,376,949,218,218,http://icp-member-beta.ecpay.com.tw/api/Member/MemberInfo/UserCodeLogin,2113,0,3
1564726278631,1931,loginaccount2,200,OK,172.16.137.143:1099-登入帳號測試 1-2,text,true,,1957,955,190,190,http://icp-member-beta.ecpay.com.tw/api/Member/MemberInfo/UserCodeLogin,1931,0,1
1564726278717,1873,loginaccount2,200,OK,172.16.137.143:1099-登入帳號測試 1-12,text,true,,1957,949,196,196,http://icp-member-beta.ecpay.com.tw/api/Member/MemberInfo/UserCodeLogin,1873,0,2
1564726278611,2023,loginaccount2,200,OK,172.16.137.143:1099-登入帳號測試 1-3,text,true,,1957,952,205,205,http://icp-member-beta.ecpay.com.tw/api/Member/MemberInfo/UserCodeLogin,2023,0,2
1564726278680,2104,loginaccount2,200,OK,172.16.137.143:1099-登入帳號測試 1-7,text,true,,1957,958,211,211,http://icp-member-beta.ecpay.com.tw/api/Member/MemberInfo/UserCodeLogin,2104,0,1
1564726278741,2388,loginaccount2,200,OK,172.16.137.143:1099-登入帳號測試 1-16,text,true,,1957,967,253,253,http://icp-member-beta.ecpay.com.tw/api/Member/MemberInfo/UserCodeLogin,2388,0,2
1564726278749,3332,loginaccount2,200,OK,172.16.137.143:1099-登入帳號測試 1-18,text,true,,1957,964,297,297,http://icp-member-beta.ecpay.com.tw/api/Member/MemberInfo/UserCodeLogin,3332,0,1
1564726278618,1868,loginaccount2,200,OK,172.16.137.143:1099-登入帳號測試 1-5,text,true,,1957,946,185,185,http://icp-member-beta.ecpay.com.tw/api/Member/MemberInfo/UserCodeLogin,1868,0,1
1564726278571,1858,loginaccount2,200,OK,172.16.137.143:1099-登入帳號測試 1-1,text,true,,1957,952,178,178,http://icp-member-beta.ecpay.com.tw/api/Member/MemberInfo/UserCodeLogin,1858,0,3
1564726278801,3580,loginaccount2,200,OK,172.16.137.143:1099-登入帳號測試 1-19,text,true,,1957,961,297,297,http://icp-member-beta.ecpay.com.tw/api/Member/MemberInfo/UserCodeLogin,3580,0,65
1564726278938,3549,loginaccount2,200,OK,172.16.137.143:1099-登入帳號測試 1-6,text,true,,1957,961,297,297,http://icp-member-beta.ecpay.com.tw/api/Member/MemberInfo/UserCodeLogin,3549,0,2
1564726278970,3783,loginaccount2,200,OK,172.16.137.143:1099-登入帳號測試 1-17,text,true,,1957,949,297,297,http://icp-member-beta.ecpay.com.tw/api/Member/MemberInfo/UserCodeLogin,3783,0,5
1564726278972,3881,loginaccount2,200,OK,172.16.137.143:1099-登入帳號測試 1-8,text,true,,1957,964,296,296,http://icp-member-beta.ecpay.com.tw/api/Member/MemberInfo/UserCodeLogin,3881,0,3
1564726279040,4010,loginaccount2,200,OK,172.16.137.143:1099-登入帳號測試 1-36,text,true,,1957,970,296,296,http://icp-member-beta.ecpay.com.tw/api/Member/MemberInfo/UserCodeLogin,4010,0,2
1564726279038,4029,loginaccount2,200,OK,172.16.137.143:1099-登入帳號測試 1-20,text,true,,1957,961,296,296,http://icp-member-beta.ecpay.com.tw/api/Member/MemberInfo/UserCodeLogin,4029,0,4
1564726278973,4117,loginaccount2,200,OK,172.16.137.143:1099-登入帳號測試 1-21,text,true,,1957,967,296,296,http://icp-member-beta.ecpay.com.tw/api/Member/MemberInfo/UserCodeLogin,4117,0,3
1564726279041,4126,loginaccount2,200,OK,172.16.137.143:1099-登入帳號測試 1-37,text,true,,1957,964,296,296,http://icp-member-beta.ecpay.com.tw/api/Member/MemberInfo/UserCodeLogin,4126,0,1
1564726279037,4702,loginaccount2,200,OK,172.16.137.143:1099-登入帳號測試 1-15,text,true,,1957,976,292,292,http://icp-member-beta.ecpay.com.tw/api/Member/MemberInfo/UserCodeLogin,4702,0,4
1564726279039,4959,loginaccount2,200,OK,172.16.137.143:1099-登入帳號測試 1-9,text,true,,1957,949,291,291,http://icp-member-beta.ecpay.com.tw/api/Member/MemberInfo/UserCodeLogin,4959,0,3
1564726279093,5807,loginaccount2,200,OK,172.16.137.143:1099-登入帳號測試 1-46,text,true,,1957,952,282,282,http://icp-member-beta.ecpay.com.tw/api/Member/MemberInfo/UserCodeLogin,5807,0,2
1564726279121,5858,loginaccount2,200,OK,172.16.137.143:1099-登入帳號測試 1-47,text,true,,1957,976,281,281,http://icp-member-beta.ecpay.com.tw/api/Member/MemberInfo/UserCodeLogin,5858,0,5
1564726279180,5883,loginaccount2,200,OK,172.16.137.143:1099-登入帳號測試 1-14,text,true,,1957,949,279,279,http://icp-member-beta.ecpay.com.tw/api/Member/MemberInfo/UserCodeLogin,5883,0,17
1564726279122,5986,loginaccount2,200,OK,172.16.137.143:1099-登入帳號測試 1-49,text,true,,1957,961,278,278,http://icp-member-beta.ecpay.com.tw/api/Member/MemberInfo/UserCodeLogin,5986,0,5
1564726279140,6063,loginaccount2,200,OK,172.16.137.143:1099-登入帳號測試 1-11,text,true,,1957,973,277,277,http://icp-member-beta.ecpay.com.tw/api/Member/MemberInfo/UserCodeLogin,6063,0,52
1564726279139,6064,loginaccount2,200,OK,172.16.137.143:1099-登入帳號測試 1-50,text,true,,1957,976,277,277,http://icp-member-beta.ecpay.com.tw/api/Member/MemberInfo/UserCodeLogin,6064,0,35
1564726279181,6068,loginaccount2,200,OK,172.16.137.143:1099-登入帳號測試 1-38,text,true,,1957,976,277,277,http://icp-member-beta.ecpay.com.tw/api/Member/MemberInfo/UserCodeLogin,6068,0,16
1564726279179,6362,loginaccount2,200,OK,172.16.137.143:1099-登入帳號測試 1-13,text,true,,1957,952,274,274,http://icp-member-beta.ecpay.com.tw/api/Member/MemberInfo/UserCodeLogin,6362,0,18
1564726279199,6745,loginaccount2,200,OK,172.16.137.143:1099-登入帳號測試 1-52,text,true,,1957,961,273,273,http://icp-member-beta.ecpay.com.tw/api/Member/MemberInfo/UserCodeLogin,6745,0,2
1564726279198,7793,loginaccount2,200,OK,172.16.137.143:1099-登入帳號測試 1-48,text,true,,1957,946,272,272,http://icp-member-beta.ecpay.com.tw/api/Member/MemberInfo/UserCodeLogin,7793,0,2
1564726279270,8126,loginaccount2,200,OK,172.16.137.143:1099-登入帳號測試 1-51,text,true,,1957,955,271,271,http://icp-member-beta.ecpay.com.tw/api/Member/MemberInfo/UserCodeLogin,8126,0,3
1564726279279,8399,loginaccount2,200,OK,172.16.137.143:1099-登入帳號測試 1-54,text,true,,1957,964,270,270,http://icp-member-beta.ecpay.com.tw/api/Member/MemberInfo/UserCodeLogin,8399,0,3
1564726279276,8554,loginaccount2,200,OK,172.16.137.143:1099-登入帳號測試 1-53,text,true,,1957,946,269,269,http://icp-member-beta.ecpay.com.tw/api/Member/MemberInfo/UserCodeLogin,8554,0,5
1564726279281,8570,loginaccount2,200,OK,172.16.137.143:1099-登入帳號測試 1-55,text,true,,1957,961,268,268,http://icp-member-beta.ecpay.com.tw/api/Member/MemberInfo/UserCodeLogin,8570,0,1
1564726279340,8535,loginaccount2,200,OK,172.16.137.143:1099-登入帳號測試 1-10,text,true,,1957,976,267,267,http://icp-member-beta.ecpay.com.tw/api/Member/MemberInfo/UserCodeLogin,8535,0,3
1564726279343,8786,loginaccount2,200,OK,172.16.137.143:1099-登入帳號測試 1-58,text,true,,1957,946,266,266,http://icp-member-beta.ecpay.com.tw/api/Member/MemberInfo/UserCodeLogin,8786,0,4
1564726279341,8812,loginaccount2,200,OK,172.16.137.143:1099-登入帳號測試 1-57,text,true,,1957,961,265,265,http://icp-member-beta.ecpay.com.tw/api/Member/MemberInfo/UserCodeLogin,8812,0,6
1564726279346,9153,loginaccount2,200,OK,172.16.137.143:1099-登入帳號測試 1-60,text,true,,1957,955,264,264,http://icp-member-beta.ecpay.com.tw/api/Member/MemberInfo/UserCodeLogin,9153,0,3
1564726279344,9276,loginaccount2,200,OK,172.16.137.143:1099-登入帳號測試 1-59,text,true,,1957,952,263,263,http://icp-member-beta.ecpay.com.tw/api/Member/MemberInfo/UserCodeLogin,9276,0,4
1564726279372,10947,loginaccount2,200,OK,172.16.137.143:1099-登入帳號測試 1-56,text,true,,1957,970,262,262,http://icp-member-beta.ecpay.com.tw/api/Member/MemberInfo/UserCodeLogin,10947,0,28
1564726279399,10992,loginaccount2,200,OK,172.16.137.143:1099-登入帳號測試 1-22,text,true,,1957,964,261,261,http://icp-member-beta.ecpay.com.tw/api/Member/MemberInfo/UserCodeLogin,10992,0,21
1564726279401,11065,loginaccount2,200,OK,172.16.137.143:1099-登入帳號測試 1-61,text,true,,1957,976,260,260,http://icp-member-beta.ecpay.com.tw/api/Member/MemberInfo/UserCodeLogin,11065,0,19
1564726279403,11083,loginaccount2,200,OK,172.16.137.143:1099-登入帳號測試 1-62,text,true,,1957,949,259,259,http://icp-member-beta.ecpay.com.tw/api/Member/MemberInfo/UserCodeLogin,11083,0,17
1564726279404,11126,loginaccount2,200,OK,172.16.137.143:1099-登入帳號測試 1-63,text,true,,1957,964,258,258,http://icp-member-beta.ecpay.com.tw/api/Member/MemberInfo/UserCodeLogin,11126,0,16
1564726279409,11289,loginaccount2,200,OK,172.16.137.143:1099-登入帳號測試 1-23,text,true,,1957,970,257,257,http://icp-member-beta.ecpay.com.tw/api/Member/MemberInfo/UserCodeLogin,11289,0,12
1564726279406,11308,loginaccount2,200,OK,172.16.137.143:1099-登入帳號測試 1-64,text,true,,1957,949,256,256,http://icp-member-beta.ecpay.com.tw/api/Member/MemberInfo/UserCodeLogin,11308,0,15
1564726279410,11325,loginaccount2,200,OK,172.16.137.143:1099-登入帳號測試 1-74,text,true,,1957,946,255,255,http://icp-member-beta.ecpay.com.tw/api/Member/MemberInfo/UserCodeLogin,11325,0,11
1564726279412,11334,loginaccount2,200,OK,172.16.137.143:1099-登入帳號測試 1-75,text,true,,1957,970,254,254,http://icp-member-beta.ecpay.com.tw/api/Member/MemberInfo/UserCodeLogin,11334,0,9
1564726279437,13690,loginaccount2,200,OK,172.16.137.143:1099-登入帳號測試 1-76,text,true,,1957,946,253,253,http://icp-member-beta.ecpay.com.tw/api/Member/MemberInfo/UserCodeLogin,13690,0,6
1564726279467,13785,loginaccount2,200,OK,172.16.137.143:1099-登入帳號測試 1-77,text,true,,1957,949,252,252,http://icp-member-beta.ecpay.com.tw/api/Member/MemberInfo/UserCodeLogin,13785,0,2
1564726279468,14031,loginaccount2,200,OK,172.16.137.143:1099-登入帳號測試 1-78,text,true,,1957,949,251,251,http://icp-member-beta.ecpay.com.tw/api/Member/MemberInfo/UserCodeLogin,14031,0,5
1564726279549,13970,loginaccount2,200,OK,172.16.137.143:1099-登入帳號測試 1-79,text,true,,1957,952,250,250,http://icp-member-beta.ecpay.com.tw/api/Member/MemberInfo/UserCodeLogin,13970,0,20
1564726279551,14015,loginaccount2,200,OK,172.16.137.143:1099-登入帳號測試 1-82,text,true,,1957,946,249,249,http://icp-member-beta.ecpay.com.tw/api/Member/MemberInfo/UserCodeLogin,14015,0,18
1564726279564,14030,loginaccount2,200,OK,172.16.137.143:1099-登入帳號測試 1-85,text,true,,1957,955,248,248,http://icp-member-beta.ecpay.com.tw/api/Member/MemberInfo/UserCodeLogin,14030,0,5
1564726279550,14121,loginaccount2,200,OK,172.16.137.143:1099-登入帳號測試 1-81,text,true,,1957,967,247,247,http://icp-member-beta.ecpay.com.tw/api/Member/MemberInfo/UserCodeLogin,14121,0,19
1564726279546,14208,loginaccount2,200,OK,172.16.137.143:1099-登入帳號測試 1-24,text,true,,1957,958,246,246,http://icp-member-beta.ecpay.com.tw/api/Member/MemberInfo/UserCodeLogin,14208,0,22
1564726279554,14308,loginaccount2,200,OK,172.16.137.143:1099-登入帳號測試 1-84,text,true,,1957,949,245,245,http://icp-member-beta.ecpay.com.tw/api/Member/MemberInfo/UserCodeLogin,14308,0,15
1564726279547,14323,loginaccount2,200,OK,172.16.137.143:1099-登入帳號測試 1-80,text,true,,1957,955,245,245,http://icp-member-beta.ecpay.com.tw/api/Member/MemberInfo/UserCodeLogin,14323,0,21
1564726279553,14556,loginaccount2,200,OK,172.16.137.143:1099-登入帳號測試 1-83,text,true,,1957,976,243,243,http://icp-member-beta.ecpay.com.tw/api/Member/MemberInfo/UserCodeLogin,14556,0,16
1564726279567,15080,loginaccount2,200,OK,172.16.137.143:1099-登入帳號測試 1-89,text,true,,1957,952,242,242,http://icp-member-beta.ecpay.com.tw/api/Member/MemberInfo/UserCodeLogin,15080,0,3
1564726279566,16066,loginaccount2,200,OK,172.16.137.143:1099-登入帳號測試 1-87,text,true,,1957,955,241,241,http://icp-member-beta.ecpay.com.tw/api/Member/MemberInfo/UserCodeLogin,16066,0,4
1564726279629,16520,loginaccount2,200,OK,172.16.137.143:1099-登入帳號測試 1-95,text,true,,1957,955,240,240,http://icp-member-beta.ecpay.com.tw/api/Member/MemberInfo/UserCodeLogin,16520,0,5
1564726279627,16561,loginaccount2,200,OK,172.16.137.143:1099-登入帳號測試 1-86,text,true,,1957,967,239,239,http://icp-member-beta.ecpay.com.tw/api/Member/MemberInfo/UserCodeLogin,16561,0,4
1564726279633,16862,loginaccount2,200,OK,172.16.137.143:1099-登入帳號測試 1-98,text,true,,1957,952,238,238,http://icp-member-beta.ecpay.com.tw/api/Member/MemberInfo/UserCodeLogin,16862,0,1
1564726279630,16979,loginaccount2,200,OK,172.16.137.143:1099-登入帳號測試 1-96,text,true,,1957,964,237,237,http://icp-member-beta.ecpay.com.tw/api/Member/MemberInfo/UserCodeLogin,16979,0,4
1564726279632,17088,loginaccount2,200,OK,172.16.137.143:1099-登入帳號測試 1-97,text,true,,1957,967,236,236,http://icp-member-beta.ecpay.com.tw/api/Member/MemberInfo/UserCodeLogin,17087,0,2
1564726279666,17103,loginaccount2,200,OK,172.16.137.143:1099-登入帳號測試 1-99,text,true,,1957,967,235,235,http://icp-member-beta.ecpay.com.tw/api/Member/MemberInfo/UserCodeLogin,17103,0,2
1564726279628,17185,loginaccount2,200,OK,172.16.137.143:1099-登入帳號測試 1-88,text,true,,1957,976,234,234,http://icp-member-beta.ecpay.com.tw/api/Member/MemberInfo/UserCodeLogin,17184,0,5
1564726279700,17645,loginaccount2,200,OK,172.16.137.143:1099-登入帳號測試 1-100,text,true,,1957,955,233,233,http://icp-member-beta.ecpay.com.tw/api/Member/MemberInfo/UserCodeLogin,17645,0,11
1564726279784,17740,loginaccount2,200,OK,172.16.137.143:1099-登入帳號測試 1-110,text,true,,1957,958,232,232,http://icp-member-beta.ecpay.com.tw/api/Member/MemberInfo/UserCodeLogin,17740,0,5
1564726279785,18237,loginaccount2,200,OK,172.16.137.143:1099-登入帳號測試 1-111,text,true,,1957,970,231,231,http://icp-member-beta.ecpay.com.tw/api/Member/MemberInfo/UserCodeLogin,18237,0,4
1564726279782,18272,loginaccount2,200,OK,172.16.137.143:1099-登入帳號測試 1-109,text,true,,1957,973,230,230,http://icp-member-beta.ecpay.com.tw/api/Member/MemberInfo/UserCodeLogin,18272,0,7
1564726279849,18807,loginaccount2,200,OK,172.16.137.143:1099-登入帳號測試 1-112,text,true,,1957,958,229,229,http://icp-member-beta.ecpay.com.tw/api/Member/MemberInfo/UserCodeLogin,18807,0,2
1564726279866,19847,loginaccount2,200,OK,172.16.137.143:1099-登入帳號測試 1-117,text,true,,1957,949,228,228,http://icp-member-beta.ecpay.com.tw/api/Member/MemberInfo/UserCodeLogin,19847,0,1
1564726279871,20485,loginaccount2,200,OK,172.16.137.143:1099-登入帳號測試 1-119,text,true,,1957,949,227,227,http://icp-member-beta.ecpay.com.tw/api/Member/MemberInfo/UserCodeLogin,20485,0,2
1564726279870,20515,loginaccount2,200,OK,172.16.137.143:1099-登入帳號測試 1-118,text,true,,1957,976,226,226,http://icp-member-beta.ecpay.com.tw/api/Member/MemberInfo/UserCodeLogin,20515,0,2
1564726279917,20633,loginaccount2,200,OK,172.16.137.143:1099-登入帳號測試 1-66,text,true,,1957,976,225,225,http://icp-member-beta.ecpay.com.tw/api/Member/MemberInfo/UserCodeLogin,20633,0,11
1564726279961,20634,loginaccount2,200,OK,172.16.137.143:1099-登入帳號測試 1-127,text,true,,1957,967,224,224,http://icp-member-beta.ecpay.com.tw/api/Member/MemberInfo/UserCodeLogin,20634,0,2
1564726280008,20594,loginaccount2,200,OK,172.16.137.143:1099-登入帳號測試 1-130,text,true,,1957,973,223,223,http://icp-member-beta.ecpay.com.tw/api/Member/MemberInfo/UserCodeLogin,20594,0,2
1564726279974,20661,loginaccount2,200,OK,172.16.137.143:1099-登入帳號測試 1-129,text,true,,1957,973,222,222,http://icp-member-beta.ecpay.com.tw/api/Member/MemberInfo/UserCodeLogin,20661,0,2
1564726280048,20818,loginaccount2,200,OK,172.16.137.143:1099-登入帳號測試 1-131,text,true,,1957,949,221,221,http://icp-member-beta.ecpay.com.tw/api/Member/MemberInfo/UserCodeLogin,20818,0,2
1564726280055,20939,loginaccount2,200,OK,172.16.137.143:1099-登入帳號測試 1-65,text,true,,1957,955,220,220,http://icp-member-beta.ecpay.com.tw/api/Member/MemberInfo/UserCodeLogin,20939,0,1
1564726280128,21189,loginaccount2,200,OK,172.16.137.143:1099-登入帳號測試 1-138,text,true,,1957,952,219,219,http://icp-member-beta.ecpay.com.tw/api/Member/MemberInfo/UserCodeLogin,21189,0,1
1564726280202,21500,loginaccount2,200,OK,172.16.137.143:1099-登入帳號測試 1-140,text,true,,1957,958,218,218,http://icp-member-beta.ecpay.com.tw/api/Member/MemberInfo/UserCodeLogin,21500,0,28
1564726280235,21624,loginaccount2,200,OK,172.16.137.143:1099-登入帳號測試 1-143,text,true,,1957,952,217,217,http://icp-member-beta.ecpay.com.tw/api/Member/MemberInfo/UserCodeLogin,21624,0,20
1564726280285,21690,loginaccount2,200,OK,172.16.137.143:1099-登入帳號測試 1-147,text,true,,1957,976,216,216,http://icp-member-beta.ecpay.com.tw/api/Member/MemberInfo/UserCodeLogin,21690,0,2
1564726280311,21812,loginaccount2,200,OK,172.16.137.143:1099-登入帳號測試 1-134,text,true,,1957,967,215,215,http://icp-member-beta.ecpay.com.tw/api/Member/MemberInfo/UserCodeLogin,21812,0,10
1564726280452,22151,loginaccount2,200,OK,172.16.137.143:1099-登入帳號測試 1-71,text,true,,1957,952,214,214,http://icp-member-beta.ecpay.com.tw/api/Member/MemberInfo/UserCodeLogin,22151,0,3
1564726280453,22496,loginaccount2,200,OK,172.16.137.143:1099-登入帳號測試 1-72,text,true,,1957,973,213,213,http://icp-member-beta.ecpay.com.tw/api/Member/MemberInfo/UserCodeLogin,22496,0,2
1564726280462,22577,loginaccount2,200,OK,172.16.137.143:1099-登入帳號測試 1-155,text,true,,1957,949,212,212,http://icp-member-beta.ecpay.com.tw/api/Member/MemberInfo/UserCodeLogin,22577,0,3
1564726280513,23773,loginaccount2,200,OK,172.16.137.143:1099-登入帳號測試 1-107,text,true,,1957,976,211,211,http://icp-member-beta.ecpay.com.tw/api/Member/MemberInfo/UserCodeLogin,23773,0,4
1564726280511,23795,loginaccount2,200,OK,172.16.137.143:1099-登入帳號測試 1-108,text,true,,1957,961,210,210,http://icp-member-beta.ecpay.com.tw/api/Member/MemberInfo/UserCodeLogin,23795,0,6
1564726280515,23926,loginaccount2,200,OK,172.16.137.143:1099-登入帳號測試 1-105,text,true,,1957,967,209,209,http://icp-member-beta.ecpay.com.tw/api/Member/MemberInfo/UserCodeLogin,23926,0,3
1564726280514,24031,loginaccount2,200,OK,172.16.137.143:1099-登入帳號測試 1-106,text,true,,1957,973,208,208,http://icp-member-beta.ecpay.com.tw/api/Member/MemberInfo/UserCodeLogin,24031,0,4
1564726280516,24325,loginaccount2,200,OK,172.16.137.143:1099-登入帳號測試 1-104,text,true,,1957,976,207,207,http://icp-member-beta.ecpay.com.tw/api/Member/MemberInfo/UserCodeLogin,24325,0,2
1564726280527,24825,loginaccount2,200,OK,172.16.137.143:1099-登入帳號測試 1-73,text,true,,1957,961,206,206,http://icp-member-beta.ecpay.com.tw/api/Member/MemberInfo/UserCodeLogin,24825,0,5
1564726280529,25196,loginaccount2,200,OK,172.16.137.143:1099-登入帳號測試 1-103,text,true,,1957,961,205,205,http://icp-member-beta.ecpay.com.tw/api/Member/MemberInfo/UserCodeLogin,25195,0,4
1564726280531,25417,loginaccount2,200,OK,172.16.137.143:1099-登入帳號測試 1-102,text,true,,1957,967,204,204,http://icp-member-beta.ecpay.com.tw/api/Member/MemberInfo/UserCodeLogin,25417,0,2
1564726280528,25780,loginaccount2,200,OK,172.16.137.143:1099-登入帳號測試 1-90,text,true,,1957,952,203,203,http://icp-member-beta.ecpay.com.tw/api/Member/MemberInfo/UserCodeLogin,25780,0,5
1564726280581,28015,loginaccount2,200,OK,172.16.137.143:1099-登入帳號測試 1-157,text,true,,1957,973,202,202,http://icp-member-beta.ecpay.com.tw/api/Member/MemberInfo/UserCodeLogin,28015,0,13
1564726280583,28037,loginaccount2,200,OK,172.16.137.143:1099-登入帳號測試 1-158,text,true,,1957,952,201,201,http://icp-member-beta.ecpay.com.tw/api/Member/MemberInfo/UserCodeLogin,28037,0,14
1564726280613,28339,loginaccount2,200,OK,172.16.137.143:1099-登入帳號測試 1-148,text,true,,1957,967,200,200,http://icp-member-beta.ecpay.com.tw/api/Member/MemberInfo/UserCodeLogin,28339,0,1
1564726278532,2142,loginaccount2,200,OK,172.16.137.144:1099-登入帳號測試 1-18,text,true,,376,958,218,218,http://icp-member-beta.ecpay.com.tw/api/Member/MemberInfo/UserCodeLogin,2142,0,2
1564726278575,2339,loginaccount2,200,OK,172.16.137.144:1099-登入帳號測試 1-20,text,true,,376,967,244,244,http://icp-member-beta.ecpay.com.tw/api/Member/MemberInfo/UserCodeLogin,2339,0,2
1564726278416,2054,loginaccount2,200,OK,172.16.137.144:1099-登入帳號測試 1-1,text,true,,376,964,192,192,http://icp-member-beta.ecpay.com.tw/api/Member/MemberInfo/UserCodeLogin,2054,0,11
1564726278441,2076,loginaccount2,200,OK,172.16.137.144:1099-登入帳號測試 1-8,text,true,,376,961,218,218,http://icp-member-beta.ecpay.com.tw/api/Member/MemberInfo/UserCodeLogin,2076,0,2
1564726278642,3962,loginaccount2,200,OK,172.16.137.144:1099-登入帳號測試 1-25,text,true,,376,961,296,296,http://icp-member-beta.ecpay.com.tw/api/Member/MemberInfo/UserCodeLogin,3962,0,48
1564726278767,6163,loginaccount2,200,OK,172.16.137.144:1099-登入帳號測試 1-4,text,true,,376,946,294,294,http://icp-member-beta.ecpay.com.tw/api/Member/MemberInfo/UserCodeLogin,6163,0,75
1564726278861,6130,loginaccount2,200,OK,172.16.137.144:1099-登入帳號測試 1-2,text,true,,376,952,293,293,http://icp-member-beta.ecpay.com.tw/api/Member/MemberInfo/UserCodeLogin,6130,0,2
1564726278874,6291,loginaccount2,200,OK,172.16.137.144:1099-登入帳號測試 1-5,text,true,,376,946,292,292,http://icp-member-beta.ecpay.com.tw/api/Member/MemberInfo/UserCodeLogin,6291,0,2
1564726278941,6683,loginaccount2,200,OK,172.16.137.144:1099-登入帳號測試 1-6,text,true,,376,973,291,291,http://icp-member-beta.ecpay.com.tw/api/Member/MemberInfo/UserCodeLogin,6683,0,8
1564726278942,8008,loginaccount2,200,OK,172.16.137.144:1099-登入帳號測試 1-10,text,true,,376,961,290,290,http://icp-member-beta.ecpay.com.tw/api/Member/MemberInfo/UserCodeLogin,8008,0,15
1564726278944,8395,loginaccount2,200,OK,172.16.137.144:1099-登入帳號測試 1-32,text,true,,376,955,289,289,http://icp-member-beta.ecpay.com.tw/api/Member/MemberInfo/UserCodeLogin,8395,0,13
1564726278945,8769,loginaccount2,200,OK,172.16.137.144:1099-登入帳號測試 1-22,text,true,,376,955,288,288,http://icp-member-beta.ecpay.com.tw/api/Member/MemberInfo/UserCodeLogin,8769,0,19
1564726278948,8794,loginaccount2,200,OK,172.16.137.144:1099-登入帳號測試 1-34,text,true,,376,961,288,288,http://icp-member-beta.ecpay.com.tw/api/Member/MemberInfo/UserCodeLogin,8794,0,22
1564726279015,9643,loginaccount2,200,OK,172.16.137.144:1099-登入帳號測試 1-3,text,true,,376,976,286,286,http://icp-member-beta.ecpay.com.tw/api/Member/MemberInfo/UserCodeLogin,9643,0,19
1564726279018,10100,loginaccount2,200,OK,172.16.137.144:1099-登入帳號測試 1-17,text,true,,376,952,285,285,http://icp-member-beta.ecpay.com.tw/api/Member/MemberInfo/UserCodeLogin,10100,0,16
1564726279007,10682,loginaccount2,200,OK,172.16.137.144:1099-登入帳號測試 1-13,text,true,,376,949,284,284,http://icp-member-beta.ecpay.com.tw/api/Member/MemberInfo/UserCodeLogin,10682,0,26
1564726279008,10805,loginaccount2,200,OK,172.16.137.144:1099-登入帳號測試 1-21,text,true,,376,961,283,283,http://icp-member-beta.ecpay.com.tw/api/Member/MemberInfo/UserCodeLogin,10805,0,26
1564726279017,11204,loginaccount2,200,OK,172.16.137.144:1099-登入帳號測試 1-19,text,true,,376,964,282,282,http://icp-member-beta.ecpay.com.tw/api/Member/MemberInfo/UserCodeLogin,11204,0,17
1564726279019,11389,loginaccount2,200,OK,172.16.137.144:1099-登入帳號測試 1-14,text,true,,376,949,281,281,http://icp-member-beta.ecpay.com.tw/api/Member/MemberInfo/UserCodeLogin,11389,0,15
1564726279020,11690,loginaccount2,200,OK,172.16.137.144:1099-登入帳號測試 1-7,text,true,,376,958,280,280,http://icp-member-beta.ecpay.com.tw/api/Member/MemberInfo/UserCodeLogin,11690,0,14
1564726279021,11761,loginaccount2,200,OK,172.16.137.144:1099-登入帳號測試 1-33,text,true,,376,964,279,279,http://icp-member-beta.ecpay.com.tw/api/Member/MemberInfo/UserCodeLogin,11761,0,13
1564726279022,11868,loginaccount2,200,OK,172.16.137.144:1099-登入帳號測試 1-9,text,true,,376,946,278,278,http://icp-member-beta.ecpay.com.tw/api/Member/MemberInfo/UserCodeLogin,11868,0,12
1564726279033,11917,loginaccount2,200,OK,172.16.137.144:1099-登入帳號測試 1-11,text,true,,376,958,277,277,http://icp-member-beta.ecpay.com.tw/api/Member/MemberInfo/UserCodeLogin,11917,0,40
1564726279027,12005,loginaccount2,200,OK,172.16.137.144:1099-登入帳號測試 1-35,text,true,,376,967,276,276,http://icp-member-beta.ecpay.com.tw/api/Member/MemberInfo/UserCodeLogin,12005,0,43
1564726279119,12005,loginaccount2,200,OK,172.16.137.144:1099-登入帳號測試 1-16,text,true,,376,964,275,275,http://icp-member-beta.ecpay.com.tw/api/Member/MemberInfo/UserCodeLogin,12005,0,5
1564726279229,14353,loginaccount2,200,OK,172.16.137.144:1099-登入帳號測試 1-60,text,true,,376,970,274,274,http://icp-member-beta.ecpay.com.tw/api/Member/MemberInfo/UserCodeLogin,14353,0,2
1564726279230,14568,loginaccount2,200,OK,172.16.137.144:1099-登入帳號測試 1-62,text,true,,376,955,273,273,http://icp-member-beta.ecpay.com.tw/api/Member/MemberInfo/UserCodeLogin,14568,0,2
1564726279272,14900,loginaccount2,200,OK,172.16.137.144:1099-登入帳號測試 1-57,text,true,,376,973,272,272,http://icp-member-beta.ecpay.com.tw/api/Member/MemberInfo/UserCodeLogin,14900,0,1
1564726279570,17951,loginaccount2,200,OK,172.16.137.144:1099-登入帳號測試 1-15,text,true,,376,961,271,271,http://icp-member-beta.ecpay.com.tw/api/Member/MemberInfo/UserCodeLogin,17951,0,2
1564726279666,18827,loginaccount2,200,OK,172.16.137.144:1099-登入帳號測試 1-55,text,true,,376,952,270,270,http://icp-member-beta.ecpay.com.tw/api/Member/MemberInfo/UserCodeLogin,18827,0,1
1564726279748,19014,loginaccount2,200,OK,172.16.137.144:1099-登入帳號測試 1-115,text,true,,376,961,269,269,http://icp-member-beta.ecpay.com.tw/api/Member/MemberInfo/UserCodeLogin,19014,0,2
1564726279747,19928,loginaccount2,200,OK,172.16.137.144:1099-登入帳號測試 1-54,text,true,,376,976,268,268,http://icp-member-beta.ecpay.com.tw/api/Member/MemberInfo/UserCodeLogin,19928,0,3
1564726279918,20458,loginaccount2,200,OK,172.16.137.144:1099-登入帳號測試 1-52,text,true,,376,970,267,267,http://icp-member-beta.ecpay.com.tw/api/Member/MemberInfo/UserCodeLogin,20458,0,62
1564726279916,20656,loginaccount2,200,OK,172.16.137.144:1099-登入帳號測試 1-53,text,true,,376,976,266,266,http://icp-member-beta.ecpay.com.tw/api/Member/MemberInfo/UserCodeLogin,20656,0,63
1564726280020,20927,loginaccount2,200,OK,172.16.137.144:1099-登入帳號測試 1-51,text,true,,376,973,265,265,http://icp-member-beta.ecpay.com.tw/api/Member/MemberInfo/UserCodeLogin,20927,0,41
1564726280062,21041,loginaccount2,200,OK,172.16.137.144:1099-登入帳號測試 1-50,text,true,,376,958,264,264,http://icp-member-beta.ecpay.com.tw/api/Member/MemberInfo/UserCodeLogin,21041,0,44
1564726280065,21360,loginaccount2,200,OK,172.16.137.144:1099-登入帳號測試 1-73,text,true,,376,961,263,263,http://icp-member-beta.ecpay.com.tw/api/Member/MemberInfo/UserCodeLogin,21360,0,43
1564726280063,21424,loginaccount2,200,OK,172.16.137.144:1099-登入帳號測試 1-74,text,true,,376,949,262,262,http://icp-member-beta.ecpay.com.tw/api/Member/MemberInfo/UserCodeLogin,21424,0,43
1564726280066,21689,loginaccount2,200,OK,172.16.137.144:1099-登入帳號測試 1-72,text,true,,376,958,261,261,http://icp-member-beta.ecpay.com.tw/api/Member/MemberInfo/UserCodeLogin,21689,0,42
1564726280067,21969,loginaccount2,200,OK,172.16.137.144:1099-登入帳號測試 1-71,text,true,,376,949,260,260,http://icp-member-beta.ecpay.com.tw/api/Member/MemberInfo/UserCodeLogin,21969,0,41
1564726280070,22065,loginaccount2,200,OK,172.16.137.144:1099-登入帳號測試 1-70,text,true,,376,952,259,259,http://icp-member-beta.ecpay.com.tw/api/Member/MemberInfo/UserCodeLogin,22065,0,39
1564726280109,23308,loginaccount2,200,OK,172.16.137.144:1099-登入帳號測試 1-141,text,true,,376,970,258,258,http://icp-member-beta.ecpay.com.tw/api/Member/MemberInfo/UserCodeLogin,23308,0,38
1564726280107,23888,loginaccount2,200,OK,172.16.137.144:1099-登入帳號測試 1-49,text,true,,376,961,257,257,http://icp-member-beta.ecpay.com.tw/api/Member/MemberInfo/UserCodeLogin,23888,0,40
1564726280150,23988,loginaccount2,200,OK,172.16.137.144:1099-登入帳號測試 1-69,text,true,,376,976,256,256,http://icp-member-beta.ecpay.com.tw/api/Member/MemberInfo/UserCodeLogin,23988,0,44
1564726280151,25194,loginaccount2,200,OK,172.16.137.144:1099-登入帳號測試 1-89,text,true,,376,973,255,255,http://icp-member-beta.ecpay.com.tw/api/Member/MemberInfo/UserCodeLogin,25194,0,43
1564726280155,25198,loginaccount2,200,OK,172.16.137.144:1099-登入帳號測試 1-67,text,true,,376,976,254,254,http://icp-member-beta.ecpay.com.tw/api/Member/MemberInfo/UserCodeLogin,25198,0,39
1564726280156,25253,loginaccount2,200,OK,172.16.137.144:1099-登入帳號測試 1-66,text,true,,376,946,253,253,http://icp-member-beta.ecpay.com.tw/api/Member/MemberInfo/UserCodeLogin,25253,0,39
1564726280159,25282,loginaccount2,200,OK,172.16.137.144:1099-登入帳號測試 1-64,text,true,,376,973,252,252,http://icp-member-beta.ecpay.com.tw/api/Member/MemberInfo/UserCodeLogin,25282,0,36
1564726280163,25359,loginaccount2,200,OK,172.16.137.144:1099-登入帳號測試 1-59,text,true,,376,958,251,251,http://icp-member-beta.ecpay.com.tw/api/Member/MemberInfo/UserCodeLogin,25359,0,32
1564726280169,25376,loginaccount2,200,OK,172.16.137.144:1099-登入帳號測試 1-48,text,true,,376,976,250,250,http://icp-member-beta.ecpay.com.tw/api/Member/MemberInfo/UserCodeLogin,25376,0,28
1564726280152,25545,loginaccount2,200,OK,172.16.137.144:1099-登入帳號測試 1-88,text,true,,376,949,249,249,http://icp-member-beta.ecpay.com.tw/api/Member/MemberInfo/UserCodeLogin,25545,0,42
1564726280161,25672,loginaccount2,200,OK,172.16.137.144:1099-登入帳號測試 1-63,text,true,,376,961,248,248,http://icp-member-beta.ecpay.com.tw/api/Member/MemberInfo/UserCodeLogin,25672,0,34
1564726280148,25922,loginaccount2,200,OK,172.16.137.144:1099-登入帳號測試 1-56,text,true,,376,955,247,247,http://icp-member-beta.ecpay.com.tw/api/Member/MemberInfo/UserCodeLogin,25922,0,45
1564726280162,25930,loginaccount2,200,OK,172.16.137.144:1099-登入帳號測試 1-61,text,true,,376,952,246,246,http://icp-member-beta.ecpay.com.tw/api/Member/MemberInfo/UserCodeLogin,25930,0,33
1564726280165,25935,loginaccount2,200,OK,172.16.137.144:1099-登入帳號測試 1-58,text,true,,376,949,245,245,http://icp-member-beta.ecpay.com.tw/api/Member/MemberInfo/UserCodeLogin,25935,0,30
1564726280157,25987,loginaccount2,200,OK,172.16.137.144:1099-登入帳號測試 1-65,text,true,,376,967,244,244,http://icp-member-beta.ecpay.com.tw/api/Member/MemberInfo/UserCodeLogin,25987,0,38
1564726280154,26016,loginaccount2,200,OK,172.16.137.144:1099-登入帳號測試 1-68,text,true,,376,949,243,243,http://icp-member-beta.ecpay.com.tw/api/Member/MemberInfo/UserCodeLogin,26016,0,40
1564726280208,26133,loginaccount2,200,OK,172.16.137.144:1099-登入帳號測試 1-47,text,true,,376,967,242,242,http://icp-member-beta.ecpay.com.tw/api/Member/MemberInfo/UserCodeLogin,26133,0,3
1564726280220,26305,loginaccount2,200,OK,172.16.137.144:1099-登入帳號測試 1-46,text,true,,376,970,241,241,http://icp-member-beta.ecpay.com.tw/api/Member/MemberInfo/UserCodeLogin,26305,0,2
1564726280221,26514,loginaccount2,200,OK,172.16.137.144:1099-登入帳號測試 1-45,text,true,,376,949,240,240,http://icp-member-beta.ecpay.com.tw/api/Member/MemberInfo/UserCodeLogin,26514,0,3
1564726280291,26496,loginaccount2,200,OK,172.16.137.144:1099-登入帳號測試 1-44,text,true,,376,955,239,239,http://icp-member-beta.ecpay.com.tw/api/Member/MemberInfo/UserCodeLogin,26496,0,23
1564726280311,26540,loginaccount2,200,OK,172.16.137.144:1099-登入帳號測試 1-133,text,true,,376,973,238,238,http://icp-member-beta.ecpay.com.tw/api/Member/MemberInfo/UserCodeLogin,26540,0,4
1564726280302,26592,loginaccount2,200,OK,172.16.137.144:1099-登入帳號測試 1-43,text,true,,376,955,237,237,http://icp-member-beta.ecpay.com.tw/api/Member/MemberInfo/UserCodeLogin,26592,0,13
1564726280313,26827,loginaccount2,200,OK,172.16.137.144:1099-登入帳號測試 1-42,text,true,,376,952,236,236,http://icp-member-beta.ecpay.com.tw/api/Member/MemberInfo/UserCodeLogin,26827,0,3
1564726280315,27058,loginaccount2,200,OK,172.16.137.144:1099-登入帳號測試 1-41,text,true,,376,964,235,235,http://icp-member-beta.ecpay.com.tw/api/Member/MemberInfo/UserCodeLogin,27058,0,3
1564726280320,27217,loginaccount2,200,OK,172.16.137.144:1099-登入帳號測試 1-142,text,true,,376,967,234,234,http://icp-member-beta.ecpay.com.tw/api/Member/MemberInfo/UserCodeLogin,27217,0,2
1564726280321,27319,loginaccount2,200,OK,172.16.137.144:1099-登入帳號測試 1-93,text,true,,376,949,233,233,http://icp-member-beta.ecpay.com.tw/api/Member/MemberInfo/UserCodeLogin,27319,0,3
1564726280330,27593,loginaccount2,200,OK,172.16.137.144:1099-登入帳號測試 1-40,text,true,,376,946,232,232,http://icp-member-beta.ecpay.com.tw/api/Member/MemberInfo/UserCodeLogin,27593,0,2
1564726280352,28509,loginaccount2,200,OK,172.16.137.144:1099-登入帳號測試 1-158,text,true,,376,970,231,231,http://icp-member-beta.ecpay.com.tw/api/Member/MemberInfo/UserCodeLogin,28509,0,10
1564726280350,28539,loginaccount2,200,OK,172.16.137.144:1099-登入帳號測試 1-156,text,true,,376,955,230,230,http://icp-member-beta.ecpay.com.tw/api/Member/MemberInfo/UserCodeLogin,28539,0,12
1564726280348,28549,loginaccount2,200,OK,172.16.137.144:1099-登入帳號測試 1-155,text,true,,376,952,229,229,http://icp-member-beta.ecpay.com.tw/api/Member/MemberInfo/UserCodeLogin,28549,0,14
1564726280355,28830,loginaccount2,200,OK,172.16.137.144:1099-登入帳號測試 1-160,text,true,,376,973,228,228,http://icp-member-beta.ecpay.com.tw/api/Member/MemberInfo/UserCodeLogin,28830,0,8
1564726280351,29118,loginaccount2,200,OK,172.16.137.144:1099-登入帳號測試 1-157,text,true,,376,955,227,227,http://icp-member-beta.ecpay.com.tw/api/Member/MemberInfo/UserCodeLogin,29118,0,11
1564726280347,29174,loginaccount2,200,OK,172.16.137.144:1099-登入帳號測試 1-152,text,true,,376,964,226,226,http://icp-member-beta.ecpay.com.tw/api/Member/MemberInfo/UserCodeLogin,29174,0,14
1564726280354,29212,loginaccount2,200,OK,172.16.137.144:1099-登入帳號測試 1-159,text,true,,376,949,225,225,http://icp-member-beta.ecpay.com.tw/api/Member/MemberInfo/UserCodeLogin,29212,0,8
1564726280429,30524,loginaccount2,200,OK,172.16.137.144:1099-登入帳號測試 1-178,text,true,,376,952,224,224,http://icp-member-beta.ecpay.com.tw/api/Member/MemberInfo/UserCodeLogin,30524,0,2
1564726280435,31333,loginaccount2,200,OK,172.16.137.144:1099-登入帳號測試 1-180,text,true,,376,970,223,223,http://icp-member-beta.ecpay.com.tw/api/Member/MemberInfo/UserCodeLogin,31333,0,2
1564726280476,31556,loginaccount2,200,OK,172.16.137.144:1099-登入帳號測試 1-189,text,true,,376,955,222,222,http://icp-member-beta.ecpay.com.tw/api/Member/MemberInfo/UserCodeLogin,31556,0,2
1564726280477,31848,loginaccount2,200,OK,172.16.137.144:1099-登入帳號測試 1-179,text,true,,376,967,221,221,http://icp-member-beta.ecpay.com.tw/api/Member/MemberInfo/UserCodeLogin,31848,0,4
1564726280498,31895,loginaccount2,200,OK,172.16.137.144:1099-登入帳號測試 1-181,text,true,,376,952,220,220,http://icp-member-beta.ecpay.com.tw/api/Member/MemberInfo/UserCodeLogin,31895,0,2
1564726280499,31977,loginaccount2,200,OK,172.16.137.144:1099-登入帳號測試 1-191,text,true,,376,973,219,219,http://icp-member-beta.ecpay.com.tw/api/Member/MemberInfo/UserCodeLogin,31977,0,2
1564726280522,31978,loginaccount2,200,OK,172.16.137.144:1099-登入帳號測試 1-182,text,true,,376,976,218,218,http://icp-member-beta.ecpay.com.tw/api/Member/MemberInfo/UserCodeLogin,31978,0,6
1564726280526,32048,loginaccount2,200,OK,172.16.137.144:1099-登入帳號測試 1-183,text,true,,376,949,217,217,http://icp-member-beta.ecpay.com.tw/api/Member/MemberInfo/UserCodeLogin,32048,0,3
1564726280527,32059,loginaccount2,200,OK,172.16.137.144:1099-登入帳號測試 1-184,text,true,,376,973,216,216,http://icp-member-beta.ecpay.com.tw/api/Member/MemberInfo/UserCodeLogin,32059,0,12
1564726280528,32082,loginaccount2,200,OK,172.16.137.144:1099-登入帳號測試 1-185,text,true,,376,946,215,215,http://icp-member-beta.ecpay.com.tw/api/Member/MemberInfo/UserCodeLogin,32082,0,11
1564726280550,32092,loginaccount2,200,OK,172.16.137.144:1099-登入帳號測試 1-186,text,true,,376,976,214,214,http://icp-member-beta.ecpay.com.tw/api/Member/MemberInfo/UserCodeLogin,32092,0,14
1564726280577,32281,loginaccount2,200,OK,172.16.137.144:1099-登入帳號測試 1-188,text,true,,376,955,213,213,http://icp-member-beta.ecpay.com.tw/api/Member/MemberInfo/UserCodeLogin,32281,0,22
1564726280580,32286,loginaccount2,200,OK,172.16.137.144:1099-登入帳號測試 1-194,text,true,,376,958,212,212,http://icp-member-beta.ecpay.com.tw/api/Member/MemberInfo/UserCodeLogin,32286,0,20
1564726280576,32355,loginaccount2,200,OK,172.16.137.144:1099-登入帳號測試 1-187,text,true,,376,958,211,211,http://icp-member-beta.ecpay.com.tw/api/Member/MemberInfo/UserCodeLogin,32355,0,23
1564726280578,32368,loginaccount2,200,OK,172.16.137.144:1099-登入帳號測試 1-193,text,true,,376,967,210,210,http://icp-member-beta.ecpay.com.tw/api/Member/MemberInfo/UserCodeLogin,32368,0,22
1564726280593,32457,loginaccount2,200,OK,172.16.137.144:1099-登入帳號測試 1-176,text,true,,376,961,209,209,http://icp-member-beta.ecpay.com.tw/api/Member/MemberInfo/UserCodeLogin,32457,0,23
1564726280594,32489,loginaccount2,200,OK,172.16.137.144:1099-登入帳號測試 1-175,text,true,,376,973,208,208,http://icp-member-beta.ecpay.com.tw/api/Member/MemberInfo/UserCodeLogin,32489,0,22
1564726280596,32532,loginaccount2,200,OK,172.16.137.144:1099-登入帳號測試 1-174,text,true,,376,973,207,207,http://icp-member-beta.ecpay.com.tw/api/Member/MemberInfo/UserCodeLogin,32532,0,20
1564726280596,32566,loginaccount2,200,OK,172.16.137.144:1099-登入帳號測試 1-173,text,true,,376,970,206,206,http://icp-member-beta.ecpay.com.tw/api/Member/MemberInfo/UserCodeLogin,32566,0,35
1564726280598,32579,loginaccount2,200,OK,172.16.137.144:1099-登入帳號測試 1-172,text,true,,376,952,205,205,http://icp-member-beta.ecpay.com.tw/api/Member/MemberInfo/UserCodeLogin,32579,0,34
1564726280599,32610,loginaccount2,200,OK,172.16.137.144:1099-登入帳號測試 1-171,text,true,,376,952,204,204,http://icp-member-beta.ecpay.com.tw/api/Member/MemberInfo/UserCodeLogin,32610,0,33
1564726280694,32860,loginaccount2,200,OK,172.16.137.144:1099-登入帳號測試 1-209,text,true,,376,973,203,203,http://icp-member-beta.ecpay.com.tw/api/Member/MemberInfo/UserCodeLogin,32860,0,61
1564726280692,32868,loginaccount2,200,OK,172.16.137.144:1099-登入帳號測試 1-190,text,true,,376,964,202,202,http://icp-member-beta.ecpay.com.tw/api/Member/MemberInfo/UserCodeLogin,32868,0,63
1564726280694,32930,loginaccount2,200,OK,172.16.137.144:1099-登入帳號測試 1-208,text,true,,376,946,201,201,http://icp-member-beta.ecpay.com.tw/api/Member/MemberInfo/UserCodeLogin,32930,0,61
1564726280766,32890,loginaccount2,200,OK,172.16.137.144:1099-登入帳號測試 1-192,text,true,,376,973,200,200,http://icp-member-beta.ecpay.com.tw/api/Member/MemberInfo/UserCodeLogin,32890,0,2
1564726280898,33441,loginaccount2,200,OK,172.16.137.144:1099-登入帳號測試 1-177,text,true,,376,964,199,199,http://icp-member-beta.ecpay.com.tw/api/Member/MemberInfo/UserCodeLogin,33440,0,3
1564726280900,34197,loginaccount2,200,OK,172.16.137.144:1099-登入帳號測試 1-196,text,true,,376,964,198,198,http://icp-member-beta.ecpay.com.tw/api/Member/MemberInfo/UserCodeLogin,34197,0,2
1564726280899,34250,loginaccount2,200,OK,172.16.137.144:1099-登入帳號測試 1-195,text,true,,376,970,197,197,http://icp-member-beta.ecpay.com.tw/api/Member/MemberInfo/UserCodeLogin,34250,0,3
1564726280975,34770,loginaccount2,200,OK,172.16.137.144:1099-登入帳號測試 1-197,text,true,,376,949,196,196,http://icp-member-beta.ecpay.com.tw/api/Member/MemberInfo/UserCodeLogin,34770,0,2
1564726281384,34947,loginaccount2,200,OK,172.16.137.144:1099-登入帳號測試 1-170,text,true,,376,970,195,195,http://icp-member-beta.ecpay.com.tw/api/Member/MemberInfo/UserCodeLogin,34947,0,44
1564726281754,34770,loginaccount2,200,OK,172.16.137.144:1099-登入帳號測試 1-123,text,true,,376,955,194,194,http://icp-member-beta.ecpay.com.tw/api/Member/MemberInfo/UserCodeLogin,34770,0,3
1564726281756,35191,loginaccount2,200,OK,172.16.137.144:1099-登入帳號測試 1-121,text,true,,376,967,193,193,http://icp-member-beta.ecpay.com.tw/api/Member/MemberInfo/UserCodeLogin,35191,0,1
1564726281755,35217,loginaccount2,200,OK,172.16.137.144:1099-登入帳號測試 1-122,text,true,,376,955,192,192,http://icp-member-beta.ecpay.com.tw/api/Member/MemberInfo/UserCodeLogin,35217,0,2
1564726281794,35198,loginaccount2,200,OK,172.16.137.144:1099-登入帳號測試 1-120,text,true,,376,976,191,191,http://icp-member-beta.ecpay.com.tw/api/Member/MemberInfo/UserCodeLogin,35198,0,6
1564726281795,35328,loginaccount2,200,OK,172.16.137.144:1099-登入帳號測試 1-119,text,true,,376,970,190,190,http://icp-member-beta.ecpay.com.tw/api/Member/MemberInfo/UserCodeLogin,35327,0,6
1564726281800,35610,loginaccount2,200,OK,172.16.137.144:1099-登入帳號測試 1-118,text,true,,376,949,189,189,http://icp-member-beta.ecpay.com.tw/api/Member/MemberInfo/UserCodeLogin,35610,0,2
1564726281815,35906,loginaccount2,200,OK,172.16.137.144:1099-登入帳號測試 1-154,text,true,,376,952,188,188,http://icp-member-beta.ecpay.com.tw/api/Member/MemberInfo/UserCodeLogin,35906,0,2
1564726281816,35917,loginaccount2,200,OK,172.16.137.144:1099-登入帳號測試 1-153,text,true,,376,970,187,187,http://icp-member-beta.ecpay.com.tw/api/Member/MemberInfo/UserCodeLogin,35917,0,2
1564726281842,35938,loginaccount2,200,OK,172.16.137.144:1099-登入帳號測試 1-24,text,true,,376,955,186,186,http://icp-member-beta.ecpay.com.tw/api/Member/MemberInfo/UserCodeLogin,35938,0,1
1564726281842,36140,loginaccount2,200,OK,172.16.137.144:1099-登入帳號測試 1-26,text,true,,376,973,185,185,http://icp-member-beta.ecpay.com.tw/api/Member/MemberInfo/UserCodeLogin,36140,0,2
1564726281845,36321,loginaccount2,200,OK,172.16.137.144:1099-登入帳號測試 1-151,text,true,,376,970,184,184,http://icp-member-beta.ecpay.com.tw/api/Member/MemberInfo/UserCodeLogin,36321,0,12
1564726281846,36644,loginaccount2,200,OK,172.16.137.144:1099-登入帳號測試 1-27,text,true,,376,958,183,183,http://icp-member-beta.ecpay.com.tw/api/Member/MemberInfo/UserCodeLogin,36644,0,12
1564726281847,37132,loginaccount2,200,OK,172.16.137.144:1099-登入帳號測試 1-28,text,true,,376,970,182,182,http://icp-member-beta.ecpay.com.tw/api/Member/MemberInfo/UserCodeLogin,37132,0,11
1564726281848,37531,loginaccount2,200,OK,172.16.137.144:1099-登入帳號測試 1-29,text,true,,376,976,181,181,http://icp-member-beta.ecpay.com.tw/api/Member/MemberInfo/UserCodeLogin,37531,0,11
1564726281850,37658,loginaccount2,200,OK,172.16.137.144:1099-登入帳號測試 1-30,text,true,,376,946,180,180,http://icp-member-beta.ecpay.com.tw/api/Member/MemberInfo/UserCodeLogin,37658,0,9
1564726281854,37666,loginaccount2,200,OK,172.16.137.144:1099-登入帳號測試 1-31,text,true,,376,964,179,179,http://icp-member-beta.ecpay.com.tw/api/Member/MemberInfo/UserCodeLogin,37666,0,5
1564726281857,37675,loginaccount2,200,OK,172.16.137.144:1099-登入帳號測試 1-168,text,true,,376,958,178,178,http://icp-member-beta.ecpay.com.tw/api/Member/MemberInfo/UserCodeLogin,37675,0,4
1564726281877,37667,loginaccount2,200,OK,172.16.137.144:1099-登入帳號測試 1-117,text,true,,376,964,177,177,http://icp-member-beta.ecpay.com.tw/api/Member/MemberInfo/UserCodeLogin,37666,0,1
1564726281887,37664,loginaccount2,200,OK,172.16.137.144:1099-登入帳號測試 1-38,text,true,,376,973,176,176,http://icp-member-beta.ecpay.com.tw/api/Member/MemberInfo/UserCodeLogin,37664,0,1
1564726281884,37675,loginaccount2,200,OK,172.16.137.144:1099-登入帳號測試 1-36,text,true,,376,973,175,175,http://icp-member-beta.ecpay.com.tw/api/Member/MemberInfo/UserCodeLogin,37675,0,3
1564726281899,37702,loginaccount2,200,OK,172.16.137.144:1099-登入帳號測試 1-165,text,true,,376,976,174,174,http://icp-member-beta.ecpay.com.tw/api/Member/MemberInfo/UserCodeLogin,37702,0,7
1564726281898,37714,loginaccount2,200,OK,172.16.137.144:1099-登入帳號測試 1-166,text,true,,376,946,173,173,http://icp-member-beta.ecpay.com.tw/api/Member/MemberInfo/UserCodeLogin,37714,0,8
1564726281856,37768,loginaccount2,200,OK,172.16.137.144:1099-登入帳號測試 1-169,text,true,,376,958,172,172,http://icp-member-beta.ecpay.com.tw/api/Member/MemberInfo/UserCodeLogin,37768,0,3
1564726281886,37757,loginaccount2,200,OK,172.16.137.144:1099-登入帳號測試 1-37,text,true,,376,976,171,171,http://icp-member-beta.ecpay.com.tw/api/Member/MemberInfo/UserCodeLogin,37757,0,1
1564726281901,37762,loginaccount2,200,OK,172.16.137.144:1099-登入帳號測試 1-163,text,true,,376,955,170,170,http://icp-member-beta.ecpay.com.tw/api/Member/MemberInfo/UserCodeLogin,37762,0,5
1564726281902,37770,loginaccount2,200,OK,172.16.137.144:1099-登入帳號測試 1-162,text,true,,376,964,169,169,http://icp-member-beta.ecpay.com.tw/api/Member/MemberInfo/UserCodeLogin,37770,0,4
1564726281889,38613,loginaccount2,200,OK,172.16.137.144:1099-登入帳號測試 1-39,text,true,,376,964,168,168,http://icp-member-beta.ecpay.com.tw/api/Member/MemberInfo/UserCodeLogin,38613,0,17
1564726281903,38990,loginaccount2,200,OK,172.16.137.144:1099-登入帳號測試 1-161,text,true,,376,964,167,167,http://icp-member-beta.ecpay.com.tw/api/Member/MemberInfo/UserCodeLogin,38990,0,4
1564726281900,39387,loginaccount2,200,OK,172.16.137.144:1099-登入帳號測試 1-164,text,true,,376,946,166,166,http://icp-member-beta.ecpay.com.tw/api/Member/MemberInfo/UserCodeLogin,39387,0,6
1564726281962,39528,loginaccount2,200,OK,172.16.137.144:1099-登入帳號測試 1-114,text,true,,376,970,165,165,http://icp-member-beta.ecpay.com.tw/api/Member/MemberInfo/UserCodeLogin,39528,0,10
1564726281962,39536,loginaccount2,200,OK,172.16.137.144:1099-登入帳號測試 1-116,text,true,,376,961,164,164,http://icp-member-beta.ecpay.com.tw/api/Member/MemberInfo/UserCodeLogin,39536,0,10
1564726282191,40827,loginaccount2,200,OK,172.16.137.144:1099-登入帳號測試 1-271,text,true,,376,958,163,163,http://icp-member-beta.ecpay.com.tw/api/Member/MemberInfo/UserCodeLogin,40827,0,1
1564726282278,41183,loginaccount2,200,OK,172.16.137.144:1099-登入帳號測試 1-258,text,true,,376,952,162,162,http://icp-member-beta.ecpay.com.tw/api/Member/MemberInfo/UserCodeLogin,41183,0,7
1564726282280,41484,loginaccount2,200,OK,172.16.137.144:1099-登入帳號測試 1-246,text,true,,376,961,161,161,http://icp-member-beta.ecpay.com.tw/api/Member/MemberInfo/UserCodeLogin,41484,0,5
1564726282282,41899,loginaccount2,200,OK,172.16.137.144:1099-登入帳號測試 1-245,text,true,,376,967,160,160,http://icp-member-beta.ecpay.com.tw/api/Member/MemberInfo/UserCodeLogin,41899,0,3
1564726282341,43863,loginaccount2,200,OK,172.16.137.144:1099-登入帳號測試 1-148,text,true,,376,949,159,159,http://icp-member-beta.ecpay.com.tw/api/Member/MemberInfo/UserCodeLogin,43863,0,1
1564726282355,43941,loginaccount2,200,OK,172.16.137.144:1099-登入帳號測試 1-226,text,true,,376,970,158,158,http://icp-member-beta.ecpay.com.tw/api/Member/MemberInfo/UserCodeLogin,43941,0,2
1564726282354,44075,loginaccount2,200,OK,172.16.137.144:1099-登入帳號測試 1-227,text,true,,376,964,157,157,http://icp-member-beta.ecpay.com.tw/api/Member/MemberInfo/UserCodeLogin,44075,0,2
1564726282375,45933,loginaccount2,200,OK,172.16.137.144:1099-登入帳號測試 1-225,text,true,,376,973,156,156,http://icp-member-beta.ecpay.com.tw/api/Member/MemberInfo/UserCodeLogin,45933,0,4
1564726282376,45951,loginaccount2,200,OK,172.16.137.144:1099-登入帳號測試 1-224,text,true,,376,958,155,155,http://icp-member-beta.ecpay.com.tw/api/Member/MemberInfo/UserCodeLogin,45951,0,4
1564726282379,47137,loginaccount2,200,OK,172.16.137.144:1099-登入帳號測試 1-221,text,true,,376,967,154,154,http://icp-member-beta.ecpay.com.tw/api/Member/MemberInfo/UserCodeLogin,47137,0,2
1564726282377,47538,loginaccount2,200,OK,172.16.137.144:1099-登入帳號測試 1-223,text,true,,376,964,153,153,http://icp-member-beta.ecpay.com.tw/api/Member/MemberInfo/UserCodeLogin,47538,0,4
1564726282378,47567,loginaccount2,200,OK,172.16.137.144:1099-登入帳號測試 1-222,text,true,,376,964,152,152,http://icp-member-beta.ecpay.com.tw/api/Member/MemberInfo/UserCodeLogin,47566,0,3
1564726282380,47737,loginaccount2,200,OK,172.16.137.144:1099-登入帳號測試 1-219,text,true,,376,973,151,151,http://icp-member-beta.ecpay.com.tw/api/Member/MemberInfo/UserCodeLogin,47737,0,1
1564726282387,47874,loginaccount2,200,OK,172.16.137.144:1099-登入帳號測試 1-134,text,true,,376,976,150,150,http://icp-member-beta.ecpay.com.tw/api/Member/MemberInfo/UserCodeLogin,47874,0,5
1564726282390,48231,loginaccount2,200,OK,172.16.137.144:1099-登入帳號測試 1-235,text,true,,376,970,149,149,http://icp-member-beta.ecpay.com.tw/api/Member/MemberInfo/UserCodeLogin,48231,0,4
1564726282389,48551,loginaccount2,200,OK,172.16.137.144:1099-登入帳號測試 1-236,text,true,,376,946,148,148,http://icp-member-beta.ecpay.com.tw/api/Member/MemberInfo/UserCodeLogin,48551,0,4
1564726282391,48649,loginaccount2,200,OK,172.16.137.144:1099-登入帳號測試 1-234,text,true,,376,967,147,147,http://icp-member-beta.ecpay.com.tw/api/Member/MemberInfo/UserCodeLogin,48649,0,3
1564726282393,49015,loginaccount2,200,OK,172.16.137.144:1099-登入帳號測試 1-232,text,true,,376,976,146,146,http://icp-member-beta.ecpay.com.tw/api/Member/MemberInfo/UserCodeLogin,49015,0,1
1564726282391,49041,loginaccount2,200,OK,172.16.137.144:1099-登入帳號測試 1-233,text,true,,376,970,145,145,http://icp-member-beta.ecpay.com.tw/api/Member/MemberInfo/UserCodeLogin,49041,0,3
1564726282409,49166,loginaccount2,200,OK,172.16.137.144:1099-登入帳號測試 1-231,text,true,,376,958,144,144,http://icp-member-beta.ecpay.com.tw/api/Member/MemberInfo/UserCodeLogin,49166,0,4
1564726282413,49171,loginaccount2,200,OK,172.16.137.144:1099-登入帳號測試 1-228,text,true,,376,958,143,143,http://icp-member-beta.ecpay.com.tw/api/Member/MemberInfo/UserCodeLogin,49170,0,1
1564726282411,49196,loginaccount2,200,OK,172.16.137.144:1099-登入帳號測試 1-230,text,true,,376,958,142,142,http://icp-member-beta.ecpay.com.tw/api/Member/MemberInfo/UserCodeLogin,49196,0,3
1564726282412,49212,loginaccount2,200,OK,172.16.137.144:1099-登入帳號測試 1-229,text,true,,376,970,141,141,http://icp-member-beta.ecpay.com.tw/api/Member/MemberInfo/UserCodeLogin,49212,0,2
1564726282436,49402,loginaccount2,200,OK,172.16.137.144:1099-登入帳號測試 1-135,text,true,,376,958,140,140,http://icp-member-beta.ecpay.com.tw/api/Member/MemberInfo/UserCodeLogin,49402,0,10
1564726282468,49398,loginaccount2,200,OK,172.16.137.144:1099-登入帳號測試 1-220,text,true,,376,955,139,139,http://icp-member-beta.ecpay.com.tw/api/Member/MemberInfo/UserCodeLogin,49398,0,30
1564726282471,49439,loginaccount2,200,OK,172.16.137.144:1099-登入帳號測試 1-150,text,true,,376,967,138,138,http://icp-member-beta.ecpay.com.tw/api/Member/MemberInfo/UserCodeLogin,49439,0,27
1564726282469,49481,loginaccount2,200,OK,172.16.137.144:1099-登入帳號測試 1-149,text,true,,376,976,137,137,http://icp-member-beta.ecpay.com.tw/api/Member/MemberInfo/UserCodeLogin,49481,0,29
1564726282548,50057,loginaccount2,200,OK,172.16.137.144:1099-登入帳號測試 1-136,text,true,,376,952,136,136,http://icp-member-beta.ecpay.com.tw/api/Member/MemberInfo/UserCodeLogin,50057,0,47
1564726282651,49993,loginaccount2,200,OK,172.16.137.144:1099-登入帳號測試 1-137,text,true,,376,958,135,135,http://icp-member-beta.ecpay.com.tw/api/Member/MemberInfo/UserCodeLogin,49993,0,12
1564726282652,50044,loginaccount2,200,OK,172.16.137.144:1099-登入帳號測試 1-138,text,true,,376,970,134,134,http://icp-member-beta.ecpay.com.tw/api/Member/MemberInfo/UserCodeLogin,50044,0,12
1564726282843,49931,loginaccount2,200,OK,172.16.137.144:1099-登入帳號測試 1-139,text,true,,376,961,133,133,http://icp-member-beta.ecpay.com.tw/api/Member/MemberInfo/UserCodeLogin,49931,0,101
1564726283201,49621,loginaccount2,200,OK,172.16.137.144:1099-登入帳號測試 1-300,text,true,,376,973,132,132,http://icp-member-beta.ecpay.com.tw/api/Member/MemberInfo/UserCodeLogin,49621,0,2
1564726283204,49654,loginaccount2,200,OK,172.16.137.144:1099-登入帳號測試 1-299,text,true,,376,961,131,131,http://icp-member-beta.ecpay.com.tw/api/Member/MemberInfo/UserCodeLogin,49654,0,2
1564726283240,49667,loginaccount2,200,OK,172.16.137.144:1099-登入帳號測試 1-298,text,true,,376,955,130,130,http://icp-member-beta.ecpay.com.tw/api/Member/MemberInfo/UserCodeLogin,49667,0,2
1564726283241,49673,loginaccount2,200,OK,172.16.137.144:1099-登入帳號測試 1-297,text,true,,376,973,129,129,http://icp-member-beta.ecpay.com.tw/api/Member/MemberInfo/UserCodeLogin,49673,0,2
1564726283292,49642,loginaccount2,200,OK,172.16.137.144:1099-登入帳號測試 1-296,text,true,,376,964,129,129,http://icp-member-beta.ecpay.com.tw/api/Member/MemberInfo/UserCodeLogin,49642,0,1
1564726283331,49639,loginaccount2,200,OK,172.16.137.144:1099-登入帳號測試 1-295,text,true,,376,946,128,128,http://icp-member-beta.ecpay.com.tw/api/Member/MemberInfo/UserCodeLogin,49639,0,2
1564726283332,49949,loginaccount2,200,OK,172.16.137.144:1099-登入帳號測試 1-294,text,true,,376,967,126,126,http://icp-member-beta.ecpay.com.tw/api/Member/MemberInfo/UserCodeLogin,49949,0,2
1564726283376,50008,loginaccount2,200,OK,172.16.137.144:1099-登入帳號測試 1-293,text,true,,376,973,125,125,http://icp-member-beta.ecpay.com.tw/api/Member/MemberInfo/UserCodeLogin,50008,0,2
1564726283489,49965,loginaccount2,200,OK,172.16.137.144:1099-登入帳號測試 1-292,text,true,,376,958,124,124,http://icp-member-beta.ecpay.com.tw/api/Member/MemberInfo/UserCodeLogin,49965,0,4
1564726283491,50024,loginaccount2,200,OK,172.16.137.144:1099-登入帳號測試 1-291,text,true,,376,973,123,123,http://icp-member-beta.ecpay.com.tw/api/Member/MemberInfo/UserCodeLogin,50024,0,2
1564726283563,50055,loginaccount2,200,OK,172.16.137.144:1099-登入帳號測試 1-290,text,true,,376,973,122,122,http://icp-member-beta.ecpay.com.tw/api/Member/MemberInfo/UserCodeLogin,50055,0,7
1564726283605,50532,loginaccount2,200,OK,172.16.137.144:1099-登入帳號測試 1-289,text,true,,376,952,121,121,http://icp-member-beta.ecpay.com.tw/api/Member/MemberInfo/UserCodeLogin,50532,0,1
1564726283651,50530,loginaccount2,200,OK,172.16.137.144:1099-登入帳號測試 1-287,text,true,,376,949,120,120,http://icp-member-beta.ecpay.com.tw/api/Member/MemberInfo/UserCodeLogin,50530,0,2
1564726283653,50576,loginaccount2,200,OK,172.16.137.144:1099-登入帳號測試 1-286,text,true,,376,967,119,119,http://icp-member-beta.ecpay.com.tw/api/Member/MemberInfo/UserCodeLogin,50576,0,1
1564726283650,50689,loginaccount2,200,OK,172.16.137.144:1099-登入帳號測試 1-288,text,true,,376,967,118,118,http://icp-member-beta.ecpay.com.tw/api/Member/MemberInfo/UserCodeLogin,50689,0,3
1564726283670,50727,loginaccount2,200,OK,172.16.137.144:1099-登入帳號測試 1-285,text,true,,376,946,117,117,http://icp-member-beta.ecpay.com.tw/api/Member/MemberInfo/UserCodeLogin,50727,0,2
1564726283672,50771,loginaccount2,200,OK,172.16.137.144:1099-登入帳號測試 1-284,text,true,,376,970,116,116,http://icp-member-beta.ecpay.com.tw/api/Member/MemberInfo/UserCodeLogin,50771,0,1
1564726283738,50761,loginaccount2,200,OK,172.16.137.144:1099-登入帳號測試 1-283,text,true,,376,952,115,115,http://icp-member-beta.ecpay.com.tw/api/Member/MemberInfo/UserCodeLogin,50761,0,2
1564726283761,50754,loginaccount2,200,OK,172.16.137.144:1099-登入帳號測試 1-282,text,true,,376,973,114,114,http://icp-member-beta.ecpay.com.tw/api/Member/MemberInfo/UserCodeLogin,50754,0,2
1564726283793,50762,loginaccount2,200,OK,172.16.137.144:1099-登入帳號測試 1-281,text,true,,376,952,113,113,http://icp-member-beta.ecpay.com.tw/api/Member/MemberInfo/UserCodeLogin,50762,0,1
1564726283791,50776,loginaccount2,200,OK,172.16.137.144:1099-登入帳號測試 1-280,text,true,,376,955,112,112,http://icp-member-beta.ecpay.com.tw/api/Member/MemberInfo/UserCodeLogin,50776,0,3
1564726283853,50957,loginaccount2,200,OK,172.16.137.144:1099-登入帳號測試 1-279,text,true,,376,970,111,111,http://icp-member-beta.ecpay.com.tw/api/Member/MemberInfo/UserCodeLogin,50957,0,2
1564726283854,50996,loginaccount2,200,OK,172.16.137.144:1099-登入帳號測試 1-278,text,true,,376,967,110,110,http://icp-member-beta.ecpay.com.tw/api/Member/MemberInfo/UserCodeLogin,50996,0,2
1564726283856,51030,loginaccount2,200,OK,172.16.137.144:1099-登入帳號測試 1-147,text,true,,376,958,109,109,http://icp-member-beta.ecpay.com.tw/api/Member/MemberInfo/UserCodeLogin,51030,0,4
1564726283858,51067,loginaccount2,200,OK,172.16.137.144:1099-登入帳號測試 1-146,text,true,,376,976,108,108,http://icp-member-beta.ecpay.com.tw/api/Member/MemberInfo/UserCodeLogin,51067,0,4
1564726283861,51154,loginaccount2,200,OK,172.16.137.144:1099-登入帳號測試 1-144,text,true,,376,961,107,107,http://icp-member-beta.ecpay.com.tw/api/Member/MemberInfo/UserCodeLogin,51154,0,2
1564726283861,52245,loginaccount2,200,OK,172.16.137.144:1099-登入帳號測試 1-97,text,true,,376,955,106,106,http://icp-member-beta.ecpay.com.tw/api/Member/MemberInfo/UserCodeLogin,52245,0,2
1564726283860,52409,loginaccount2,200,OK,172.16.137.144:1099-登入帳號測試 1-96,text,true,,376,970,105,105,http://icp-member-beta.ecpay.com.tw/api/Member/MemberInfo/UserCodeLogin,52409,0,2
1564726283858,52547,loginaccount2,200,OK,172.16.137.144:1099-登入帳號測試 1-145,text,true,,376,961,104,104,http://icp-member-beta.ecpay.com.tw/api/Member/MemberInfo/UserCodeLogin,52547,0,4
1564726283869,52615,loginaccount2,200,OK,172.16.137.144:1099-登入帳號測試 1-98,text,true,,376,958,103,103,http://icp-member-beta.ecpay.com.tw/api/Member/MemberInfo/UserCodeLogin,52615,0,9
1564726283870,52626,loginaccount2,200,OK,172.16.137.144:1099-登入帳號測試 1-99,text,true,,376,973,102,102,http://icp-member-beta.ecpay.com.tw/api/Member/MemberInfo/UserCodeLogin,52626,0,10
1564726283873,52720,loginaccount2,200,OK,172.16.137.144:1099-登入帳號測試 1-101,text,true,,376,961,101,101,http://icp-member-beta.ecpay.com.tw/api/Member/MemberInfo/UserCodeLogin,52720,0,8
1564726283872,52821,loginaccount2,200,OK,172.16.137.144:1099-登入帳號測試 1-100,text,true,,376,973,100,100,http://icp-member-beta.ecpay.com.tw/api/Member/MemberInfo/UserCodeLogin,52821,0,9
1564726280599,28044,loginaccount2,200,OK,172.16.137.143:1099-登入帳號測試 1-167,text,true,,1957,973,200,200,http://icp-member-beta.ecpay.com.tw/api/Member/MemberInfo/UserCodeLogin,28044,0,2
1564726280638,28562,loginaccount2,200,OK,172.16.137.143:1099-登入帳號測試 1-172,text,true,,1957,964,200,200,http://icp-member-beta.ecpay.com.tw/api/Member/MemberInfo/UserCodeLogin,28562,0,2
1564726280709,29115,loginaccount2,200,OK,172.16.137.143:1099-登入帳號測試 1-179,text,true,,1957,964,197,197,http://icp-member-beta.ecpay.com.tw/api/Member/MemberInfo/UserCodeLogin,29115,0,9
1564726280711,29280,loginaccount2,200,OK,172.16.137.143:1099-登入帳號測試 1-180,text,true,,1957,949,196,196,http://icp-member-beta.ecpay.com.tw/api/Member/MemberInfo/UserCodeLogin,29280,0,10
1564726280728,29606,loginaccount2,200,OK,172.16.137.143:1099-登入帳號測試 1-188,text,true,,1957,952,195,195,http://icp-member-beta.ecpay.com.tw/api/Member/MemberInfo/UserCodeLogin,29606,0,5
1564726280730,29678,loginaccount2,200,OK,172.16.137.143:1099-登入帳號測試 1-189,text,true,,1957,970,194,194,http://icp-member-beta.ecpay.com.tw/api/Member/MemberInfo/UserCodeLogin,29678,0,3
1564726280726,29815,loginaccount2,200,OK,172.16.137.143:1099-登入帳號測試 1-187,text,true,,1957,967,193,193,http://icp-member-beta.ecpay.com.tw/api/Member/MemberInfo/UserCodeLogin,29815,0,27
1564726280736,29960,loginaccount2,200,OK,172.16.137.143:1099-登入帳號測試 1-194,text,true,,1957,964,192,192,http://icp-member-beta.ecpay.com.tw/api/Member/MemberInfo/UserCodeLogin,29959,0,20
1564726280738,30920,loginaccount2,200,OK,172.16.137.143:1099-登入帳號測試 1-197,text,true,,1957,970,191,191,http://icp-member-beta.ecpay.com.tw/api/Member/MemberInfo/UserCodeLogin,30920,0,20
1564726280752,31471,loginaccount2,200,OK,172.16.137.143:1099-登入帳號測試 1-199,text,true,,1957,964,190,190,http://icp-member-beta.ecpay.com.tw/api/Member/MemberInfo/UserCodeLogin,31471,0,11
1564726280747,31568,loginaccount2,200,OK,172.16.137.143:1099-登入帳號測試 1-198,text,true,,1957,961,189,189,http://icp-member-beta.ecpay.com.tw/api/Member/MemberInfo/UserCodeLogin,31568,0,16
1564726280756,31591,loginaccount2,200,OK,172.16.137.143:1099-登入帳號測試 1-206,text,true,,1957,955,188,188,http://icp-member-beta.ecpay.com.tw/api/Member/MemberInfo/UserCodeLogin,31591,0,7
1564726280764,31651,loginaccount2,200,OK,172.16.137.143:1099-登入帳號測試 1-193,text,true,,1957,958,187,187,http://icp-member-beta.ecpay.com.tw/api/Member/MemberInfo/UserCodeLogin,31651,0,2
1564726280722,31725,loginaccount2,200,OK,172.16.137.143:1099-登入帳號測試 1-101,text,true,,1957,961,186,186,http://icp-member-beta.ecpay.com.tw/api/Member/MemberInfo/UserCodeLogin,31725,0,47
1564726280765,31723,loginaccount2,200,OK,172.16.137.143:1099-登入帳號測試 1-192,text,true,,1957,970,185,185,http://icp-member-beta.ecpay.com.tw/api/Member/MemberInfo/UserCodeLogin,31723,0,2
1564726280768,31960,loginaccount2,200,OK,172.16.137.143:1099-登入帳號測試 1-191,text,true,,1957,952,184,184,http://icp-member-beta.ecpay.com.tw/api/Member/MemberInfo/UserCodeLogin,31960,0,3
1564726280796,32016,loginaccount2,200,OK,172.16.137.143:1099-登入帳號測試 1-33,text,true,,1957,955,183,183,http://icp-member-beta.ecpay.com.tw/api/Member/MemberInfo/UserCodeLogin,32016,0,24
1564726280797,32140,loginaccount2,200,OK,172.16.137.143:1099-登入帳號測試 1-190,text,true,,1957,964,182,182,http://icp-member-beta.ecpay.com.tw/api/Member/MemberInfo/UserCodeLogin,32140,0,23
1564726281099,34480,loginaccount2,200,OK,172.16.137.143:1099-登入帳號測試 1-174,text,true,,1957,952,181,181,http://icp-member-beta.ecpay.com.tw/api/Member/MemberInfo/UserCodeLogin,34480,0,3
1564726281192,34856,loginaccount2,200,OK,172.16.137.143:1099-登入帳號測試 1-215,text,true,,1957,949,180,180,http://icp-member-beta.ecpay.com.tw/api/Member/MemberInfo/UserCodeLogin,34856,0,3
1564726281173,34911,loginaccount2,200,OK,172.16.137.143:1099-登入帳號測試 1-173,text,true,,1957,961,179,179,http://icp-member-beta.ecpay.com.tw/api/Member/MemberInfo/UserCodeLogin,34911,0,1
1564726281225,34867,loginaccount2,200,OK,172.16.137.143:1099-登入帳號測試 1-171,text,true,,1957,952,178,178,http://icp-member-beta.ecpay.com.tw/api/Member/MemberInfo/UserCodeLogin,34867,0,6
1564726281230,34891,loginaccount2,200,OK,172.16.137.143:1099-登入帳號測試 1-221,text,true,,1957,958,177,177,http://icp-member-beta.ecpay.com.tw/api/Member/MemberInfo/UserCodeLogin,34891,0,11
1564726281226,34980,loginaccount2,200,OK,172.16.137.143:1099-登入帳號測試 1-216,text,true,,1957,955,176,176,http://icp-member-beta.ecpay.com.tw/api/Member/MemberInfo/UserCodeLogin,34980,0,14
1564726281228,35029,loginaccount2,200,OK,172.16.137.143:1099-登入帳號測試 1-218,text,true,,1957,952,175,175,http://icp-member-beta.ecpay.com.tw/api/Member/MemberInfo/UserCodeLogin,35029,0,12
1564726281246,35324,loginaccount2,200,OK,172.16.137.143:1099-登入帳號測試 1-229,text,true,,1957,973,174,174,http://icp-member-beta.ecpay.com.tw/api/Member/MemberInfo/UserCodeLogin,35324,0,14
1564726281243,35351,loginaccount2,200,OK,172.16.137.143:1099-登入帳號測試 1-226,text,true,,1957,946,173,173,http://icp-member-beta.ecpay.com.tw/api/Member/MemberInfo/UserCodeLogin,35351,0,2
1564726281229,35377,loginaccount2,200,OK,172.16.137.143:1099-登入帳號測試 1-219,text,true,,1957,955,172,172,http://icp-member-beta.ecpay.com.tw/api/Member/MemberInfo/UserCodeLogin,35377,0,12
1564726281444,36692,loginaccount2,200,OK,172.16.137.143:1099-登入帳號測試 1-170,text,true,,1957,973,171,171,http://icp-member-beta.ecpay.com.tw/api/Member/MemberInfo/UserCodeLogin,36692,0,1
1564726281442,36713,loginaccount2,200,OK,172.16.137.143:1099-登入帳號測試 1-27,text,true,,1957,958,170,170,http://icp-member-beta.ecpay.com.tw/api/Member/MemberInfo/UserCodeLogin,36713,0,2
1564726281935,36839,loginaccount2,200,OK,172.16.137.143:1099-登入帳號測試 1-29,text,true,,1957,970,169,169,http://icp-member-beta.ecpay.com.tw/api/Member/MemberInfo/UserCodeLogin,36839,0,4
1564726281516,37329,loginaccount2,200,OK,172.16.137.143:1099-登入帳號測試 1-254,text,true,,1957,961,168,168,http://icp-member-beta.ecpay.com.tw/api/Member/MemberInfo/UserCodeLogin,37329,0,1
1564726281639,37222,loginaccount2,200,OK,172.16.137.143:1099-登入帳號測試 1-28,text,true,,1957,961,167,167,http://icp-member-beta.ecpay.com.tw/api/Member/MemberInfo/UserCodeLogin,37222,0,1
1564726282057,36841,loginaccount2,200,OK,172.16.137.143:1099-登入帳號測試 1-139,text,true,,1957,961,166,166,http://icp-member-beta.ecpay.com.tw/api/Member/MemberInfo/UserCodeLogin,36841,0,1
1564726282115,37023,loginaccount2,200,OK,172.16.137.143:1099-登入帳號測試 1-30,text,true,,1957,964,165,165,http://icp-member-beta.ecpay.com.tw/api/Member/MemberInfo/UserCodeLogin,37023,0,10
1564726282245,40338,loginaccount2,200,OK,172.16.137.143:1099-登入帳號測試 1-32,text,true,,1957,961,164,164,http://icp-member-beta.ecpay.com.tw/api/Member/MemberInfo/UserCodeLogin,40338,0,7
1564726282244,40351,loginaccount2,200,OK,172.16.137.143:1099-登入帳號測試 1-31,text,true,,1957,958,163,163,http://icp-member-beta.ecpay.com.tw/api/Member/MemberInfo/UserCodeLogin,40351,0,7
1564726282249,40362,loginaccount2,200,OK,172.16.137.143:1099-登入帳號測試 1-39,text,true,,1957,955,162,162,http://icp-member-beta.ecpay.com.tw/api/Member/MemberInfo/UserCodeLogin,40362,0,3
1564726282246,40373,loginaccount2,200,OK,172.16.137.143:1099-登入帳號測試 1-34,text,true,,1957,976,161,161,http://icp-member-beta.ecpay.com.tw/api/Member/MemberInfo/UserCodeLogin,40373,0,6
1564726282247,40602,loginaccount2,200,OK,172.16.137.143:1099-登入帳號測試 1-35,text,true,,1957,949,160,160,http://icp-member-beta.ecpay.com.tw/api/Member/MemberInfo/UserCodeLogin,40602,0,5
1564726282251,41955,loginaccount2,200,OK,172.16.137.143:1099-登入帳號測試 1-70,text,true,,1957,955,159,159,http://icp-member-beta.ecpay.com.tw/api/Member/MemberInfo/UserCodeLogin,41955,0,3
1564726282304,42942,loginaccount2,200,OK,172.16.137.143:1099-登入帳號測試 1-44,text,true,,1957,958,158,158,http://icp-member-beta.ecpay.com.tw/api/Member/MemberInfo/UserCodeLogin,42942,0,16
1564726282285,43025,loginaccount2,200,OK,172.16.137.143:1099-登入帳號測試 1-69,text,true,,1957,970,157,157,http://icp-member-beta.ecpay.com.tw/api/Member/MemberInfo/UserCodeLogin,43025,0,34
1564726282303,43156,loginaccount2,200,OK,172.16.137.143:1099-登入帳號測試 1-68,text,true,,1957,958,156,156,http://icp-member-beta.ecpay.com.tw/api/Member/MemberInfo/UserCodeLogin,43156,0,16
1564726282302,43175,loginaccount2,200,OK,172.16.137.143:1099-登入帳號測試 1-43,text,true,,1957,958,155,155,http://icp-member-beta.ecpay.com.tw/api/Member/MemberInfo/UserCodeLogin,43175,0,17
1564726282300,43194,loginaccount2,200,OK,172.16.137.143:1099-登入帳號測試 1-181,text,true,,1957,964,154,154,http://icp-member-beta.ecpay.com.tw/api/Member/MemberInfo/UserCodeLogin,43194,0,19
1564726282282,43363,loginaccount2,200,OK,172.16.137.143:1099-登入帳號測試 1-41,text,true,,1957,955,153,153,http://icp-member-beta.ecpay.com.tw/api/Member/MemberInfo/UserCodeLogin,43363,0,36
1564726282284,43582,loginaccount2,200,OK,172.16.137.143:1099-登入帳號測試 1-40,text,true,,1957,955,152,152,http://icp-member-beta.ecpay.com.tw/api/Member/MemberInfo/UserCodeLogin,43582,0,35
1564726282299,43575,loginaccount2,200,OK,172.16.137.143:1099-登入帳號測試 1-42,text,true,,1957,964,151,151,http://icp-member-beta.ecpay.com.tw/api/Member/MemberInfo/UserCodeLogin,43575,0,20
1564726282563,43363,loginaccount2,200,OK,172.16.137.143:1099-登入帳號測試 1-160,text,true,,1957,952,150,150,http://icp-member-beta.ecpay.com.tw/api/Member/MemberInfo/UserCodeLogin,43363,0,1
1564726282317,43617,loginaccount2,200,OK,172.16.137.143:1099-登入帳號測試 1-45,text,true,,1957,976,150,150,http://icp-member-beta.ecpay.com.tw/api/Member/MemberInfo/UserCodeLogin,43617,0,3
1564726282305,43709,loginaccount2,200,OK,172.16.137.143:1099-登入帳號測試 1-67,text,true,,1957,964,148,148,http://icp-member-beta.ecpay.com.tw/api/Member/MemberInfo/UserCodeLogin,43709,0,15
1564726282550,43496,loginaccount2,200,OK,172.16.137.143:1099-登入帳號測試 1-287,text,true,,1957,946,147,147,http://icp-member-beta.ecpay.com.tw/api/Member/MemberInfo/UserCodeLogin,43496,0,2
1564726282564,43803,loginaccount2,200,OK,172.16.137.143:1099-登入帳號測試 1-285,text,true,,1957,967,146,146,http://icp-member-beta.ecpay.com.tw/api/Member/MemberInfo/UserCodeLogin,43803,0,1
1564726282567,44061,loginaccount2,200,OK,172.16.137.143:1099-登入帳號測試 1-161,text,true,,1957,973,145,145,http://icp-member-beta.ecpay.com.tw/api/Member/MemberInfo/UserCodeLogin,44061,0,1
1564726282591,44265,loginaccount2,200,OK,172.16.137.143:1099-登入帳號測試 1-163,text,true,,1957,973,144,144,http://icp-member-beta.ecpay.com.tw/api/Member/MemberInfo/UserCodeLogin,44265,0,1
1564726282638,44609,loginaccount2,200,OK,172.16.137.143:1099-登入帳號測試 1-164,text,true,,1957,967,143,143,http://icp-member-beta.ecpay.com.tw/api/Member/MemberInfo/UserCodeLogin,44609,0,1
1564726282590,44721,loginaccount2,200,OK,172.16.137.143:1099-登入帳號測試 1-162,text,true,,1957,967,142,142,http://icp-member-beta.ecpay.com.tw/api/Member/MemberInfo/UserCodeLogin,44721,0,1
1564726282676,44655,loginaccount2,200,OK,172.16.137.143:1099-登入帳號測試 1-270,text,true,,1957,961,141,141,http://icp-member-beta.ecpay.com.tw/api/Member/MemberInfo/UserCodeLogin,44655,0,5
1564726282674,46281,loginaccount2,200,OK,172.16.137.143:1099-登入帳號測試 1-165,text,true,,1957,952,140,140,http://icp-member-beta.ecpay.com.tw/api/Member/MemberInfo/UserCodeLogin,46281,0,6
1564726282677,46431,loginaccount2,200,OK,172.16.137.143:1099-登入帳號測試 1-269,text,true,,1957,952,139,139,http://icp-member-beta.ecpay.com.tw/api/Member/MemberInfo/UserCodeLogin,46431,0,4
1564726282678,46561,loginaccount2,200,OK,172.16.137.143:1099-登入帳號測試 1-268,text,true,,1957,952,138,138,http://icp-member-beta.ecpay.com.tw/api/Member/MemberInfo/UserCodeLogin,46561,0,3
1564726282680,47023,loginaccount2,200,OK,172.16.137.143:1099-登入帳號測試 1-267,text,true,,1957,973,137,137,http://icp-member-beta.ecpay.com.tw/api/Member/MemberInfo/UserCodeLogin,47023,0,2
1564726282731,47789,loginaccount2,200,OK,172.16.137.143:1099-登入帳號測試 1-228,text,true,,1957,952,136,136,http://icp-member-beta.ecpay.com.tw/api/Member/MemberInfo/UserCodeLogin,47789,0,21
1564726282728,47824,loginaccount2,200,OK,172.16.137.143:1099-登入帳號測試 1-230,text,true,,1957,964,135,135,http://icp-member-beta.ecpay.com.tw/api/Member/MemberInfo/UserCodeLogin,47824,0,24
1564726282727,47839,loginaccount2,200,OK,172.16.137.143:1099-登入帳號測試 1-231,text,true,,1957,961,134,134,http://icp-member-beta.ecpay.com.tw/api/Member/MemberInfo/UserCodeLogin,47839,0,24
1564726282730,47890,loginaccount2,200,OK,172.16.137.143:1099-登入帳號測試 1-265,text,true,,1957,958,133,133,http://icp-member-beta.ecpay.com.tw/api/Member/MemberInfo/UserCodeLogin,47890,0,22
1564726282732,48017,loginaccount2,200,OK,172.16.137.143:1099-登入帳號測試 1-227,text,true,,1957,949,132,132,http://icp-member-beta.ecpay.com.tw/api/Member/MemberInfo/UserCodeLogin,48017,0,21
1564726282729,48124,loginaccount2,200,OK,172.16.137.143:1099-登入帳號測試 1-266,text,true,,1957,949,131,131,http://icp-member-beta.ecpay.com.tw/api/Member/MemberInfo/UserCodeLogin,48123,0,23
1564726282737,48315,loginaccount2,200,OK,172.16.137.143:1099-登入帳號測試 1-225,text,true,,1957,967,130,130,http://icp-member-beta.ecpay.com.tw/api/Member/MemberInfo/UserCodeLogin,48315,0,19
1564726282745,48335,loginaccount2,200,OK,172.16.137.143:1099-登入帳號測試 1-223,text,true,,1957,952,129,129,http://icp-member-beta.ecpay.com.tw/api/Member/MemberInfo/UserCodeLogin,48335,0,14
1564726282747,48381,loginaccount2,200,OK,172.16.137.143:1099-登入帳號測試 1-222,text,true,,1957,958,128,128,http://icp-member-beta.ecpay.com.tw/api/Member/MemberInfo/UserCodeLogin,48381,0,12
1564726282741,48403,loginaccount2,200,OK,172.16.137.143:1099-登入帳號測試 1-224,text,true,,1957,964,127,127,http://icp-member-beta.ecpay.com.tw/api/Member/MemberInfo/UserCodeLogin,48403,0,18
1564726282755,48774,loginaccount2,200,OK,172.16.137.143:1099-登入帳號測試 1-264,text,true,,1957,949,126,126,http://icp-member-beta.ecpay.com.tw/api/Member/MemberInfo/UserCodeLogin,48774,0,6
1564726282756,48900,loginaccount2,200,OK,172.16.137.143:1099-登入帳號測試 1-217,text,true,,1957,961,125,125,http://icp-member-beta.ecpay.com.tw/api/Member/MemberInfo/UserCodeLogin,48900,0,5
1564726282760,48936,loginaccount2,200,OK,172.16.137.143:1099-登入帳號測試 1-168,text,true,,1957,955,124,124,http://icp-member-beta.ecpay.com.tw/api/Member/MemberInfo/UserCodeLogin,48936,0,2
1564726282749,49006,loginaccount2,200,OK,172.16.137.143:1099-登入帳號測試 1-220,text,true,,1957,946,123,123,http://icp-member-beta.ecpay.com.tw/api/Member/MemberInfo/UserCodeLogin,49006,0,12
1564726282757,49115,loginaccount2,200,OK,172.16.137.143:1099-登入帳號測試 1-214,text,true,,1957,970,122,122,http://icp-member-beta.ecpay.com.tw/api/Member/MemberInfo/UserCodeLogin,49115,0,4
1564726282758,49146,loginaccount2,200,OK,172.16.137.143:1099-登入帳號測試 1-166,text,true,,1957,946,121,121,http://icp-member-beta.ecpay.com.tw/api/Member/MemberInfo/UserCodeLogin,49146,0,3
1564726282751,49729,loginaccount2,200,OK,172.16.137.143:1099-登入帳號測試 1-169,text,true,,1957,973,120,120,http://icp-member-beta.ecpay.com.tw/api/Member/MemberInfo/UserCodeLogin,49729,0,10
1564726282828,52857,loginaccount2,200,OK,172.16.137.143:1099-登入帳號測試 1-149,text,true,,1957,976,119,119,http://icp-member-beta.ecpay.com.tw/api/Member/MemberInfo/UserCodeLogin,52857,0,2
1564726282829,52936,loginaccount2,200,OK,172.16.137.143:1099-登入帳號測試 1-150,text,true,,1957,952,118,118,http://icp-member-beta.ecpay.com.tw/api/Member/MemberInfo/UserCodeLogin,52936,0,1
1564726282827,53009,loginaccount2,200,OK,172.16.137.143:1099-登入帳號測試 1-156,text,true,,1957,961,117,117,http://icp-member-beta.ecpay.com.tw/api/Member/MemberInfo/UserCodeLogin,53009,0,3
1564726282825,53089,loginaccount2,200,OK,172.16.137.143:1099-登入帳號測試 1-262,text,true,,1957,973,116,116,http://icp-member-beta.ecpay.com.tw/api/Member/MemberInfo/UserCodeLogin,53089,0,5
1564726282916,53920,loginaccount2,200,OK,172.16.137.143:1099-登入帳號測試 1-159,text,true,,1957,955,115,115,http://icp-member-beta.ecpay.com.tw/api/Member/MemberInfo/UserCodeLogin,53920,0,2
1564726282920,54172,loginaccount2,200,OK,172.16.137.143:1099-登入帳號測試 1-151,text,true,,1957,973,114,114,http://icp-member-beta.ecpay.com.tw/api/Member/MemberInfo/UserCodeLogin,54172,0,1
1564726282938,54251,loginaccount2,200,OK,172.16.137.143:1099-登入帳號測試 1-152,text,true,,1957,967,113,113,http://icp-member-beta.ecpay.com.tw/api/Member/MemberInfo/UserCodeLogin,54251,0,2
1564726282939,54413,loginaccount2,200,OK,172.16.137.143:1099-登入帳號測試 1-153,text,true,,1957,958,112,112,http://icp-member-beta.ecpay.com.tw/api/Member/MemberInfo/UserCodeLogin,54413,0,2
1564726283095,54553,loginaccount2,200,OK,172.16.137.143:1099-登入帳號測試 1-154,text,true,,1957,949,111,111,http://icp-member-beta.ecpay.com.tw/api/Member/MemberInfo/UserCodeLogin,54553,0,2
1564726284301,56668,loginaccount2,200,OK,172.16.137.143:1099-登入帳號測試 1-271,text,true,,1957,976,110,110,http://icp-member-beta.ecpay.com.tw/api/Member/MemberInfo/UserCodeLogin,56668,0,6
1564726284307,56943,loginaccount2,200,OK,172.16.137.143:1099-登入帳號測試 1-286,text,true,,1957,961,109,109,http://icp-member-beta.ecpay.com.tw/api/Member/MemberInfo/UserCodeLogin,56943,0,1
1564726284424,57102,loginaccount2,200,OK,172.16.137.143:1099-登入帳號測試 1-26,text,true,,1957,973,108,108,http://icp-member-beta.ecpay.com.tw/api/Member/MemberInfo/UserCodeLogin,57102,0,7
1564726284426,57132,loginaccount2,200,OK,172.16.137.143:1099-登入帳號測試 1-25,text,true,,1957,964,107,107,http://icp-member-beta.ecpay.com.tw/api/Member/MemberInfo/UserCodeLogin,57132,0,5
1564726284427,57291,loginaccount2,200,OK,172.16.137.143:1099-登入帳號測試 1-94,text,true,,1957,961,106,106,http://icp-member-beta.ecpay.com.tw/api/Member/MemberInfo/UserCodeLogin,57291,0,4
1564726284428,57310,loginaccount2,200,OK,172.16.137.143:1099-登入帳號測試 1-93,text,true,,1957,958,105,105,http://icp-member-beta.ecpay.com.tw/api/Member/MemberInfo/UserCodeLogin,57310,0,4
1564726284430,57384,loginaccount2,200,OK,172.16.137.143:1099-登入帳號測試 1-92,text,true,,1957,952,104,104,http://icp-member-beta.ecpay.com.tw/api/Member/MemberInfo/UserCodeLogin,57384,0,2
1564726284435,57433,loginaccount2,200,OK,172.16.137.143:1099-登入帳號測試 1-91,text,true,,1957,958,103,103,http://icp-member-beta.ecpay.com.tw/api/Member/MemberInfo/UserCodeLogin,57433,0,2
1564726284666,59245,loginaccount2,200,OK,172.16.137.143:1099-登入帳號測試 1-114,text,true,,1957,973,102,102,http://icp-member-beta.ecpay.com.tw/api/Member/MemberInfo/UserCodeLogin,59245,0,17
1564726284668,59685,loginaccount2,200,OK,172.16.137.143:1099-登入帳號測試 1-115,text,true,,1957,955,101,101,http://icp-member-beta.ecpay.com.tw/api/Member/MemberInfo/UserCodeLogin,59684,0,20
1564726284669,59871,loginaccount2,200,OK,172.16.137.143:1099-登入帳號測試 1-116,text,true,,1957,973,100,100,http://icp-member-beta.ecpay.com.tw/api/Member/MemberInfo/UserCodeLogin,59871,0,21
1564726283875,52874,loginaccount2,200,OK,172.16.137.144:1099-登入帳號測試 1-143,text,true,,376,949,100,100,http://icp-member-beta.ecpay.com.tw/api/Member/MemberInfo/UserCodeLogin,52874,0,7
1564726283877,52777,loginaccount2,200,OK,172.16.137.144:1099-登入帳號測試 1-103,text,true,,376,964,100,100,http://icp-member-beta.ecpay.com.tw/api/Member/MemberInfo/UserCodeLogin,52777,0,5
1564726283879,52794,loginaccount2,200,OK,172.16.137.144:1099-登入帳號測試 1-105,text,true,,376,952,100,100,http://icp-member-beta.ecpay.com.tw/api/Member/MemberInfo/UserCodeLogin,52794,0,4
1564726283876,53066,loginaccount2,200,OK,172.16.137.144:1099-登入帳號測試 1-102,text,true,,376,952,98,98,http://icp-member-beta.ecpay.com.tw/api/Member/MemberInfo/UserCodeLogin,53066,0,6
1564726283881,53097,loginaccount2,200,OK,172.16.137.144:1099-登入帳號測試 1-140,text,true,,376,976,96,96,http://icp-member-beta.ecpay.com.tw/api/Member/MemberInfo/UserCodeLogin,53097,0,2
1564726283878,53210,loginaccount2,200,OK,172.16.137.144:1099-登入帳號測試 1-104,text,true,,376,958,94,94,http://icp-member-beta.ecpay.com.tw/api/Member/MemberInfo/UserCodeLogin,53210,0,4
1564726283884,53208,loginaccount2,200,OK,172.16.137.144:1099-登入帳號測試 1-106,text,true,,376,967,94,94,http://icp-member-beta.ecpay.com.tw/api/Member/MemberInfo/UserCodeLogin,53207,0,2
1564726283920,53507,loginaccount2,200,OK,172.16.137.144:1099-登入帳號測試 1-277,text,true,,376,949,92,92,http://icp-member-beta.ecpay.com.tw/api/Member/MemberInfo/UserCodeLogin,53507,0,1
1564726283937,53519,loginaccount2,200,OK,172.16.137.144:1099-登入帳號測試 1-107,text,true,,376,961,91,91,http://icp-member-beta.ecpay.com.tw/api/Member/MemberInfo/UserCodeLogin,53519,0,1
1564726283995,53491,loginaccount2,200,OK,172.16.137.144:1099-登入帳號測試 1-108,text,true,,376,946,90,90,http://icp-member-beta.ecpay.com.tw/api/Member/MemberInfo/UserCodeLogin,53491,0,2
1564726284010,53582,loginaccount2,200,OK,172.16.137.144:1099-登入帳號測試 1-276,text,true,,376,973,89,89,http://icp-member-beta.ecpay.com.tw/api/Member/MemberInfo/UserCodeLogin,53582,0,1
1564726284025,53589,loginaccount2,200,OK,172.16.137.144:1099-登入帳號測試 1-109,text,true,,376,958,88,88,http://icp-member-beta.ecpay.com.tw/api/Member/MemberInfo/UserCodeLogin,53589,0,1
1564726284030,53629,loginaccount2,200,OK,172.16.137.144:1099-登入帳號測試 1-110,text,true,,376,946,87,87,http://icp-member-beta.ecpay.com.tw/api/Member/MemberInfo/UserCodeLogin,53629,0,2
1564726284044,53835,loginaccount2,200,OK,172.16.137.144:1099-登入帳號測試 1-23,text,true,,376,973,86,86,http://icp-member-beta.ecpay.com.tw/api/Member/MemberInfo/UserCodeLogin,53835,0,6
1564726284046,53902,loginaccount2,200,OK,172.16.137.144:1099-登入帳號測試 1-111,text,true,,376,949,85,85,http://icp-member-beta.ecpay.com.tw/api/Member/MemberInfo/UserCodeLogin,53902,0,5
1564726284045,53931,loginaccount2,200,OK,172.16.137.144:1099-登入帳號測試 1-167,text,true,,376,955,84,84,http://icp-member-beta.ecpay.com.tw/api/Member/MemberInfo/UserCodeLogin,53931,0,5
1564726284047,54081,loginaccount2,200,OK,172.16.137.144:1099-登入帳號測試 1-112,text,true,,376,946,83,83,http://icp-member-beta.ecpay.com.tw/api/Member/MemberInfo/UserCodeLogin,54081,0,4
1564726284049,54110,loginaccount2,200,OK,172.16.137.144:1099-登入帳號測試 1-113,text,true,,376,970,82,82,http://icp-member-beta.ecpay.com.tw/api/Member/MemberInfo/UserCodeLogin,54110,0,2
1564726284070,54151,loginaccount2,200,OK,172.16.137.144:1099-登入帳號測試 1-274,text,true,,376,952,81,81,http://icp-member-beta.ecpay.com.tw/api/Member/MemberInfo/UserCodeLogin,54151,0,1
1564726284069,54210,loginaccount2,200,OK,172.16.137.144:1099-登入帳號測試 1-275,text,true,,376,961,80,80,http://icp-member-beta.ecpay.com.tw/api/Member/MemberInfo/UserCodeLogin,54210,0,2
1564726284090,54239,loginaccount2,200,OK,172.16.137.144:1099-登入帳號測試 1-273,text,true,,376,961,79,79,http://icp-member-beta.ecpay.com.tw/api/Member/MemberInfo/UserCodeLogin,54239,0,2
1564726284151,54422,loginaccount2,200,OK,172.16.137.144:1099-登入帳號測試 1-270,text,true,,376,970,78,78,http://icp-member-beta.ecpay.com.tw/api/Member/MemberInfo/UserCodeLogin,54422,0,45
1564726284155,54750,loginaccount2,200,OK,172.16.137.144:1099-登入帳號測試 1-269,text,true,,376,952,77,77,http://icp-member-beta.ecpay.com.tw/api/Member/MemberInfo/UserCodeLogin,54750,0,41
1564726284150,54772,loginaccount2,200,OK,172.16.137.144:1099-登入帳號測試 1-272,text,true,,376,976,76,76,http://icp-member-beta.ecpay.com.tw/api/Member/MemberInfo/UserCodeLogin,54772,0,46
1564726284157,54804,loginaccount2,200,OK,172.16.137.144:1099-登入帳號測試 1-268,text,true,,376,976,75,75,http://icp-member-beta.ecpay.com.tw/api/Member/MemberInfo/UserCodeLogin,54804,0,40
1564726284158,54908,loginaccount2,200,OK,172.16.137.144:1099-登入帳號測試 1-267,text,true,,376,970,74,74,http://icp-member-beta.ecpay.com.tw/api/Member/MemberInfo/UserCodeLogin,54908,0,42
1564726284160,54913,loginaccount2,200,OK,172.16.137.144:1099-登入帳號測試 1-266,text,true,,376,946,73,73,http://icp-member-beta.ecpay.com.tw/api/Member/MemberInfo/UserCodeLogin,54913,0,40
1564726284197,54926,loginaccount2,200,OK,172.16.137.144:1099-登入帳號測試 1-265,text,true,,376,973,72,72,http://icp-member-beta.ecpay.com.tw/api/Member/MemberInfo/UserCodeLogin,54926,0,46
1564726284200,55353,loginaccount2,200,OK,172.16.137.144:1099-登入帳號測試 1-263,text,true,,376,952,71,71,http://icp-member-beta.ecpay.com.tw/api/Member/MemberInfo/UserCodeLogin,55353,0,44
1564726284201,55441,loginaccount2,200,OK,172.16.137.144:1099-登入帳號測試 1-262,text,true,,376,955,70,70,http://icp-member-beta.ecpay.com.tw/api/Member/MemberInfo/UserCodeLogin,55441,0,43
1564726284202,55475,loginaccount2,200,OK,172.16.137.144:1099-登入帳號測試 1-261,text,true,,376,964,69,69,http://icp-member-beta.ecpay.com.tw/api/Member/MemberInfo/UserCodeLogin,55475,0,43
1564726284198,55609,loginaccount2,200,OK,172.16.137.144:1099-登入帳號測試 1-264,text,true,,376,967,68,68,http://icp-member-beta.ecpay.com.tw/api/Member/MemberInfo/UserCodeLogin,55609,0,46
1564726284204,55618,loginaccount2,200,OK,172.16.137.144:1099-登入帳號測試 1-260,text,true,,376,946,67,67,http://icp-member-beta.ecpay.com.tw/api/Member/MemberInfo/UserCodeLogin,55618,0,41
1564726284244,55607,loginaccount2,200,OK,172.16.137.144:1099-登入帳號測試 1-259,text,true,,376,952,66,66,http://icp-member-beta.ecpay.com.tw/api/Member/MemberInfo/UserCodeLogin,55607,0,44
1564726284247,55681,loginaccount2,200,OK,172.16.137.144:1099-登入帳號測試 1-255,text,true,,376,946,65,65,http://icp-member-beta.ecpay.com.tw/api/Member/MemberInfo/UserCodeLogin,55681,0,43
1564726284246,55885,loginaccount2,200,OK,172.16.137.144:1099-登入帳號測試 1-257,text,true,,376,967,64,64,http://icp-member-beta.ecpay.com.tw/api/Member/MemberInfo/UserCodeLogin,55885,0,44
1564726284289,58612,loginaccount2,200,OK,172.16.137.144:1099-登入帳號測試 1-131,text,true,,376,949,63,63,http://icp-member-beta.ecpay.com.tw/api/Member/MemberInfo/UserCodeLogin,58612,0,54
1564726284292,58665,loginaccount2,200,OK,172.16.137.144:1099-登入帳號測試 1-129,text,true,,376,949,62,62,http://icp-member-beta.ecpay.com.tw/api/Member/MemberInfo/UserCodeLogin,58665,0,52
1564726284290,58743,loginaccount2,200,OK,172.16.137.144:1099-登入帳號測試 1-130,text,true,,376,955,61,61,http://icp-member-beta.ecpay.com.tw/api/Member/MemberInfo/UserCodeLogin,58743,0,54
1564726284293,58786,loginaccount2,200,OK,172.16.137.144:1099-登入帳號測試 1-128,text,true,,376,949,60,60,http://icp-member-beta.ecpay.com.tw/api/Member/MemberInfo/UserCodeLogin,58786,0,54
1564726284295,58865,loginaccount2,200,OK,172.16.137.144:1099-登入帳號測試 1-127,text,true,,376,970,59,59,http://icp-member-beta.ecpay.com.tw/api/Member/MemberInfo/UserCodeLogin,58865,0,58
1564726284296,58904,loginaccount2,200,OK,172.16.137.144:1099-登入帳號測試 1-126,text,true,,376,949,58,58,http://icp-member-beta.ecpay.com.tw/api/Member/MemberInfo/UserCodeLogin,58904,0,61
1564726284298,59488,loginaccount2,200,OK,172.16.137.144:1099-登入帳號測試 1-125,text,true,,376,946,57,57,http://icp-member-beta.ecpay.com.tw/api/Member/MemberInfo/UserCodeLogin,59488,0,60
1564726284301,60021,loginaccount2,200,OK,172.16.137.144:1099-登入帳號測試 1-75,text,true,,376,964,56,56,http://icp-member-beta.ecpay.com.tw/api/Member/MemberInfo/UserCodeLogin,60021,0,60
1564726284302,60062,loginaccount2,200,OK,172.16.137.144:1099-登入帳號測試 1-254,text,true,,376,955,55,55,http://icp-member-beta.ecpay.com.tw/api/Member/MemberInfo/UserCodeLogin,60062,0,59
1564726284305,60127,loginaccount2,200,OK,172.16.137.144:1099-登入帳號測試 1-76,text,true,,376,976,54,54,http://icp-member-beta.ecpay.com.tw/api/Member/MemberInfo/UserCodeLogin,60127,0,57
1564726284299,60166,loginaccount2,200,OK,172.16.137.144:1099-登入帳號測試 1-124,text,true,,376,964,53,53,http://icp-member-beta.ecpay.com.tw/api/Member/MemberInfo/UserCodeLogin,60165,0,62
1564726284307,60237,loginaccount2,200,OK,172.16.137.144:1099-登入帳號測試 1-77,text,true,,376,964,52,52,http://icp-member-beta.ecpay.com.tw/api/Member/MemberInfo/UserCodeLogin,60237,0,56
1564726284309,60282,loginaccount2,200,OK,172.16.137.144:1099-登入帳號測試 1-252,text,true,,376,949,51,51,http://icp-member-beta.ecpay.com.tw/api/Member/MemberInfo/UserCodeLogin,60282,0,55
1564726284303,60600,loginaccount2,200,OK,172.16.137.144:1099-登入帳號測試 1-253,text,true,,376,961,50,50,http://icp-member-beta.ecpay.com.tw/api/Member/MemberInfo/UserCodeLogin,60600,0,58
1564726284312,60967,loginaccount2,200,OK,172.16.137.144:1099-登入帳號測試 1-78,text,true,,376,946,49,49,http://icp-member-beta.ecpay.com.tw/api/Member/MemberInfo/UserCodeLogin,60967,0,65
1564726284317,61043,loginaccount2,200,OK,172.16.137.144:1099-登入帳號測試 1-81,text,true,,376,976,48,48,http://icp-member-beta.ecpay.com.tw/api/Member/MemberInfo/UserCodeLogin,61043,0,61
1564726284320,61100,loginaccount2,200,OK,172.16.137.144:1099-登入帳號測試 1-83,text,true,,376,976,47,47,http://icp-member-beta.ecpay.com.tw/api/Member/MemberInfo/UserCodeLogin,61100,0,58
1564726284322,61126,loginaccount2,200,OK,172.16.137.144:1099-登入帳號測試 1-250,text,true,,376,964,46,46,http://icp-member-beta.ecpay.com.tw/api/Member/MemberInfo/UserCodeLogin,61126,0,56
1564726284310,61214,loginaccount2,200,OK,172.16.137.144:1099-登入帳號測試 1-79,text,true,,376,955,45,45,http://icp-member-beta.ecpay.com.tw/api/Member/MemberInfo/UserCodeLogin,61214,0,67
1564726284319,61250,loginaccount2,200,OK,172.16.137.144:1099-登入帳號測試 1-82,text,true,,376,967,44,44,http://icp-member-beta.ecpay.com.tw/api/Member/MemberInfo/UserCodeLogin,61250,0,59
1564726284324,61281,loginaccount2,200,OK,172.16.137.144:1099-登入帳號測試 1-249,text,true,,376,970,43,43,http://icp-member-beta.ecpay.com.tw/api/Member/MemberInfo/UserCodeLogin,61281,0,56
1564726284316,61325,loginaccount2,200,OK,172.16.137.144:1099-登入帳號測試 1-80,text,true,,376,961,42,42,http://icp-member-beta.ecpay.com.tw/api/Member/MemberInfo/UserCodeLogin,61325,0,62
1564726284314,61451,loginaccount2,200,OK,172.16.137.144:1099-登入帳號測試 1-251,text,true,,376,949,41,41,http://icp-member-beta.ecpay.com.tw/api/Member/MemberInfo/UserCodeLogin,61451,0,64
1564726284325,61472,loginaccount2,200,OK,172.16.137.144:1099-登入帳號測試 1-84,text,true,,376,961,40,40,http://icp-member-beta.ecpay.com.tw/api/Member/MemberInfo/UserCodeLogin,61472,0,61
1564726284327,61484,loginaccount2,200,OK,172.16.137.144:1099-登入帳號測試 1-85,text,true,,376,958,39,39,http://icp-member-beta.ecpay.com.tw/api/Member/MemberInfo/UserCodeLogin,61484,0,64
1564726284329,61544,loginaccount2,200,OK,172.16.137.144:1099-登入帳號測試 1-86,text,true,,376,973,38,38,http://icp-member-beta.ecpay.com.tw/api/Member/MemberInfo/UserCodeLogin,61544,0,65
1564726284344,61749,loginaccount2,200,OK,172.16.137.144:1099-登入帳號測試 1-87,text,true,,376,973,37,37,http://icp-member-beta.ecpay.com.tw/api/Member/MemberInfo/UserCodeLogin,61749,0,60
1564726284356,61785,loginaccount2,200,OK,172.16.137.144:1099-登入帳號測試 1-256,text,true,,376,955,36,36,http://icp-member-beta.ecpay.com.tw/api/Member/MemberInfo/UserCodeLogin,61785,0,50
1564726284347,61892,loginaccount2,200,OK,172.16.137.144:1099-登入帳號測試 1-248,text,true,,376,952,35,35,http://icp-member-beta.ecpay.com.tw/api/Member/MemberInfo/UserCodeLogin,61892,0,58
1564726284358,62277,loginaccount2,200,OK,172.16.137.144:1099-登入帳號測試 1-244,text,true,,376,961,34,34,http://icp-member-beta.ecpay.com.tw/api/Member/MemberInfo/UserCodeLogin,62277,0,48
1564726284348,62381,loginaccount2,200,OK,172.16.137.144:1099-登入帳號測試 1-91,text,true,,376,952,33,33,http://icp-member-beta.ecpay.com.tw/api/Member/MemberInfo/UserCodeLogin,62381,0,57
1564726284350,62738,loginaccount2,200,OK,172.16.137.144:1099-登入帳號測試 1-94,text,true,,376,955,32,32,http://icp-member-beta.ecpay.com.tw/api/Member/MemberInfo/UserCodeLogin,62738,0,55
1564726284345,62744,loginaccount2,200,OK,172.16.137.144:1099-登入帳號測試 1-90,text,true,,376,958,32,32,http://icp-member-beta.ecpay.com.tw/api/Member/MemberInfo/UserCodeLogin,62744,0,59
1564726284349,62742,loginaccount2,200,OK,172.16.137.144:1099-登入帳號測試 1-92,text,true,,376,976,32,32,http://icp-member-beta.ecpay.com.tw/api/Member/MemberInfo/UserCodeLogin,62742,0,56
1564726284357,62737,loginaccount2,200,OK,172.16.137.144:1099-登入帳號測試 1-247,text,true,,376,958,32,32,http://icp-member-beta.ecpay.com.tw/api/Member/MemberInfo/UserCodeLogin,62737,0,49
1564726284362,62735,loginaccount2,200,OK,172.16.137.144:1099-登入帳號測試 1-240,text,true,,376,952,32,32,http://icp-member-beta.ecpay.com.tw/api/Member/MemberInfo/UserCodeLogin,62735,0,45
1564726284379,62740,loginaccount2,200,OK,172.16.137.144:1099-登入帳號測試 1-198,text,true,,376,958,29,29,http://icp-member-beta.ecpay.com.tw/api/Member/MemberInfo/UserCodeLogin,62740,0,30
1564726284384,62796,loginaccount2,200,OK,172.16.137.144:1099-登入帳號測試 1-201,text,true,,376,970,26,26,http://icp-member-beta.ecpay.com.tw/api/Member/MemberInfo/UserCodeLogin,62796,0,25
1564726284387,62869,loginaccount2,200,OK,172.16.137.144:1099-登入帳號測試 1-203,text,true,,376,955,25,25,http://icp-member-beta.ecpay.com.tw/api/Member/MemberInfo/UserCodeLogin,62869,0,22
1564726284388,62909,loginaccount2,200,OK,172.16.137.144:1099-登入帳號測試 1-204,text,true,,376,961,24,24,http://icp-member-beta.ecpay.com.tw/api/Member/MemberInfo/UserCodeLogin,62909,0,22
1564726284392,62933,loginaccount2,200,OK,172.16.137.144:1099-登入帳號測試 1-211,text,true,,376,970,23,23,http://icp-member-beta.ecpay.com.tw/api/Member/MemberInfo/UserCodeLogin,62933,0,18
1564726284393,62972,loginaccount2,200,OK,172.16.137.144:1099-登入帳號測試 1-210,text,true,,376,970,22,22,http://icp-member-beta.ecpay.com.tw/api/Member/MemberInfo/UserCodeLogin,62972,0,17
1564726284396,62985,loginaccount2,200,OK,172.16.137.144:1099-登入帳號測試 1-206,text,true,,376,955,21,21,http://icp-member-beta.ecpay.com.tw/api/Member/MemberInfo/UserCodeLogin,62985,0,15
1564726284400,63173,loginaccount2,200,OK,172.16.137.144:1099-登入帳號測試 1-215,text,true,,376,958,20,20,http://icp-member-beta.ecpay.com.tw/api/Member/MemberInfo/UserCodeLogin,63173,0,11
1564726284359,63322,loginaccount2,200,OK,172.16.137.144:1099-登入帳號測試 1-243,text,true,,376,964,19,19,http://icp-member-beta.ecpay.com.tw/api/Member/MemberInfo/UserCodeLogin,63322,0,48
1564726284360,63437,loginaccount2,200,OK,172.16.137.144:1099-登入帳號測試 1-242,text,true,,376,952,18,18,http://icp-member-beta.ecpay.com.tw/api/Member/MemberInfo/UserCodeLogin,63437,0,47
1564726284365,63692,loginaccount2,200,OK,172.16.137.144:1099-登入帳號測試 1-241,text,true,,376,946,17,17,http://icp-member-beta.ecpay.com.tw/api/Member/MemberInfo/UserCodeLogin,63692,0,43
1564726284369,63768,loginaccount2,200,OK,172.16.137.144:1099-登入帳號測試 1-237,text,true,,376,961,16,16,http://icp-member-beta.ecpay.com.tw/api/Member/MemberInfo/UserCodeLogin,63768,0,39
1564726284381,63846,loginaccount2,200,OK,172.16.137.144:1099-登入帳號測試 1-199,text,true,,376,967,15,15,http://icp-member-beta.ecpay.com.tw/api/Member/MemberInfo/UserCodeLogin,63846,0,28
1564726284382,63908,loginaccount2,200,OK,172.16.137.144:1099-登入帳號測試 1-200,text,true,,376,949,14,14,http://icp-member-beta.ecpay.com.tw/api/Member/MemberInfo/UserCodeLogin,63907,0,27
1564726284385,63932,loginaccount2,200,OK,172.16.137.144:1099-登入帳號測試 1-202,text,true,,376,976,13,13,http://icp-member-beta.ecpay.com.tw/api/Member/MemberInfo/UserCodeLogin,63932,0,24
1564726284389,64017,loginaccount2,200,OK,172.16.137.144:1099-登入帳號測試 1-213,text,true,,376,946,12,12,http://icp-member-beta.ecpay.com.tw/api/Member/MemberInfo/UserCodeLogin,64017,0,21
1564726284390,64052,loginaccount2,200,OK,172.16.137.144:1099-登入帳號測試 1-212,text,true,,376,964,11,11,http://icp-member-beta.ecpay.com.tw/api/Member/MemberInfo/UserCodeLogin,64052,0,20
1564726284395,64117,loginaccount2,200,OK,172.16.137.144:1099-登入帳號測試 1-207,text,true,,376,952,10,10,http://icp-member-beta.ecpay.com.tw/api/Member/MemberInfo/UserCodeLogin,64117,0,15
1564726284402,64337,loginaccount2,200,OK,172.16.137.144:1099-登入帳號測試 1-217,text,true,,376,970,9,9,http://icp-member-beta.ecpay.com.tw/api/Member/MemberInfo/UserCodeLogin,64336,0,9
1564726284367,64450,loginaccount2,200,OK,172.16.137.144:1099-登入帳號測試 1-239,text,true,,376,952,8,8,http://icp-member-beta.ecpay.com.tw/api/Member/MemberInfo/UserCodeLogin,64450,0,41
1564726284368,64485,loginaccount2,200,OK,172.16.137.144:1099-登入帳號測試 1-238,text,true,,376,958,7,7,http://icp-member-beta.ecpay.com.tw/api/Member/MemberInfo/UserCodeLogin,64485,0,40
1564726284397,64468,loginaccount2,200,OK,172.16.137.144:1099-登入帳號測試 1-205,text,true,,376,973,6,6,http://icp-member-beta.ecpay.com.tw/api/Member/MemberInfo/UserCodeLogin,64468,0,14
1564726284404,64533,loginaccount2,200,OK,172.16.137.144:1099-登入帳號測試 1-218,text,true,,376,955,5,5,http://icp-member-beta.ecpay.com.tw/api/Member/MemberInfo/UserCodeLogin,64533,0,7
1564726284354,64603,loginaccount2,200,OK,172.16.137.144:1099-登入帳號測試 1-95,text,true,,376,952,4,4,http://icp-member-beta.ecpay.com.tw/api/Member/MemberInfo/UserCodeLogin,64603,0,51
1564726284398,64765,loginaccount2,200,OK,172.16.137.144:1099-登入帳號測試 1-214,text,true,,376,976,3,3,http://icp-member-beta.ecpay.com.tw/api/Member/MemberInfo/UserCodeLogin,64765,0,13
1564726284401,64834,loginaccount2,200,OK,172.16.137.144:1099-登入帳號測試 1-216,text,true,,376,967,2,2,http://icp-member-beta.ecpay.com.tw/api/Member/MemberInfo/UserCodeLogin,64834,0,10
1564726284407,64930,loginaccount2,200,OK,172.16.137.144:1099-登入帳號測試 1-132,text,true,,376,964,1,1,http://icp-member-beta.ecpay.com.tw/api/Member/MemberInfo/UserCodeLogin,64930,0,10
